name1,name2,street1,street2,city,state,zip,phone,intake1,intake2,intake1a,intake2a,service_code_info,full_address,location,latitude,longitude,GEOID,STATE,COUNTY,TRACT,BLOCK
Medstar Harbor Hospital,Behavioral Health,3001 South Hanover Street,Suite 164,Brooklyn,MD,21225,410-350-7550,,,,,MH * OP PHDT * PSY * ARIPI CLOZA OLANZ OLANZF QUETI RISPE ANTPYCH * GT IPT * PVTN * MC MD * PA * TAY SE GL VET MF CO HV ALZ PEFP SMI * PEER * SMON * YAD ADLT SNR * AH * VAPN * SPS,"3001 South Hanover Street, Brooklyn, NY 21225",,,,,,,,
Astor Servs for Children and Families,Astor Day Treatment Program,516 East Tremont Avenue,,Bronx,NY,10457,347-978-2450,929-285-3917 x1096,,,,MH SUMH * PHDT * PH * CHLOR HALOP PERPH ANTPYCH * CBT CFT DBT GT IDD IPT TELE * CIT PEON * PVTN * MD PI SEF * TRMA SED * STU * TCC * SMON * CHLD * SP * VAPN * FPSY CM SPS ES,"516 East Tremont Avenue, Bronx, NY 10457","516, East Tremont Avenue, East Tremont, The Bronx, Bronx County, City of New York, New York, 10457, United States",40.8467004,-73.8968222,360050395004001,36,005,039500,4001
Astor Servs for Children and Families,Highbridge Clinic,1419 Shakespeare Avenue,1st Floor,Bronx,NY,10452,718-231-3400,718-732-7080 x0,,,,SA MH SUMH * OP * OMH * NSC ANTPYCH * CBT CFT DBT GT IDD IPT TELE AIM * CIT * PVTN * CLF MD OSF PI SF SI SMHA SWFS * CO TRMA PED PTSD SED * STU * TCC * SMON * CHLD YAD ADLT * SP * VAPN * COOT FPSY CM SPS,"1419 Shakespeare Avenue, Bronx, NY 10452","1419, Shakespeare Avenue, High Bridge, The Bronx, Bronx County, City of New York, New York, 10452, United States",40.8425333,-73.9212384,360050213023000,36,005,021302,3000
Astor Servs for Children and Families,Lawrence F Hickey Center,4010 Dyre Avenue,,Bronx,NY,10466,845-515-3000,718-515-3000,,,,MH * PHDT * PH * ANTPYCH * CBT CFT GT IPT TELE * CIT PEON * PVTN * MD SEF * TRMA SED * SMON * CHLD * VAPN * FPSY CM SPS ES,"4010 Dyre Avenue, Bronx, NY 10466","Public School 15, 4010, Dyre Avenue, Parkside, The Bronx, Bronx County, City of New York, Westchester County, New York, 10466, United States",40.8909457,-73.83073,360050456002002,36,005,045600,2002
Astor Servs for Children and Families,Tilden Clinic,750 Tilden Street,,Bronx,NY,10467,718-231-3400,,,,,SA MH SUMH * OP * OMH * ANTPYCH * CBT CFT DBT GT IDD IPT TELE AIM * CIT * PVTN * CLF MD OSF PI SF SI SMHA SWFS * CO TRMA PTSD SED * STU * TCC * SMON * CHLD YAD ADLT * SP * VAPN * COOT FPSY CM SPS,"750 Tilden Street, Bronx, NY 10467","750, Tilden Street, Williams Bridge, The Bronx, Bronx County, City of New York, New York, 10467, United States",40.8766804,-73.8627713,360050380004006,36,005,038000,4006
BASICS Esperanza PROS,,915 Westchester Avenue,1st Floor,Bronx,NY,10459,646-224-9300 x6302,646-224-9300 x6311,,,,SA MH SUMH * OP * OMH * FLUPH HALOP ARIPI CLOZA OLANZ OLANZF PALIP QUETI RISPE NRT NSC ANTPYCH * CBT CFT DBT GT IDD IPT TELE * CIT * PVTN * MC MD SI * SS * SE GL VET CO TRMA PED PTSD SMI * STU * HS PEER * TCC * SMON * YAD ADLT SNR * SP * VAPN * COOT DEC FPSY IMR PRS SEMP SH VRS CM SPS ES,"915 Westchester Avenue, Bronx, NY 10459","915, Westchester Avenue, The Bronx, Bronx County, City of New York, New York, 10459, United States",40.8216148,-73.8983758,360050129011006,36,005,012901,1006
Bronx Care Health System,Inpatient Psychiatric Unit,1265 Franklin Avenue,,Bronx,NY,10456,718-901-8872,,,,,SA MH SUMH * HI * IPSY * CHLOR DROPE FLUPH HALOP PERPH THIOT TRIFL CLOZA OLANZ PALIP QUETI RISPE ZIPRA NRT NSC ANTPYCH * AT CBT GT IDD IPT TELE AIM * CIT PEON PEOFF WI * PVTN * CLF CMHG MC MD OSF PI SF SI SMHA SWFS * PA SS * TAY SE SED SMI * STU * MST LABT * PEER * TCC * SMON * CHLD YAD ADLT SNR * AH SP FX * F4 F17 F19 F25 F28 F31 F35 F36 F70 F81 F92 * VAPN * COOT FPSY LAD SPS,"1265 Franklin Avenue, Bronx, NY 10456","Doctor Martin Luther King, Junior Health Center, 1265, Franklin Avenue, Morrisania, The Bronx, City of New York, New York, 10456, United States",40.831306,-73.9028319,360050149003002,36,005,014900,3002
BronxCare Health System,Childrens Services,1276 Fulton Avenue,,Bronx,NY,10457,718-901-6888,718-579-7385,718-579-7395,,,SA MH SUMH * OP * OMH * CHLOR FLUPH HALOP CLOZA OLANZ OLANZF NRT ANTPYCH * AT CBT CFT GT IPT TELE * PEON * PVTN * FQHC * MD PI SF SI SWFS * PA SS * GL CO HV TRMA PTSD SED * STU * SMON * CHLD * AH SP NX FX * F4 F17 F19 F25 F28 F30 F31 F35 F36 F37 F42 F43 F47 F66 F67 F70 F81 F92 N24 N40 * VAPN * FPSY SPS,"1276 Fulton Avenue, Bronx, NY 10457","Bronx-Lebanon Hospital Center Fulton Division, 1276, Fulton Avenue, Morrisania, The Bronx, City of New York, New York, 10456, United States",40.8314156,-73.9031729,360050149003002,36,005,014900,3002
Bronx Care Hospital,Outpatient 2,1265 Franklin Avenue,,Bronx,NY,10456,718-579-7361,718-579-7385,718-579-7395,,,SA MH SUMH * OP * OMH * FLUPH HALOP CLOZA OLANZ OLANZF RISPE NRT ANTPYCH * AT CBT CFT DBT GT IDD IPT TELE * PEON * PVTN * FQHC * MC MD PI SF SI * PA SS * SE GL CO TRMA PTSD SMI * STU * TCC * SMON * YAD ADLT SNR * AH SP NX FX * F4 F17 F19 F25 F28 F30 F31 F35 F36 F37 F42 F43 F47 F66 F67 F70 F81 F92 N24 N40 * VAPN * AOT FPSY SPS,"1265 Franklin Avenue, Bronx, NY 10456","Doctor Martin Luther King, Junior Health Center, 1265, Franklin Avenue, Morrisania, The Bronx, City of New York, New York, 10456, United States",40.831306,-73.9028319,360050149003002,36,005,014900,3002
Bronx/Lebanon Hospital Center,Adult Outpatient Clinic,1276 Fulton Avenue,,Bronx,NY,10456,718-901-8440,718-579-7395,718-579-7385,,,SA MH SUMH * OP * OMH * FLUPH HALOP CLOZA OLANZ OLANZF RISPE NRT ANTPYCH * AT CBT CFT DBT GT IDD IPT TELE * PEON * PVTN * FQHC * MC MD PI SF SI * PA SS * SE GL CO TRMA SMI * STU * TCC * SMON * YAD ADLT SNR * AH SP NX FX * F4 F17 F19 F25 F28 F30 F31 F35 F36 F37 F42 F43 F47 F66 F67 F70 F81 F92 N24 N40 * VAPN * AOT FPSY SPS,"1276 Fulton Avenue, Bronx, NY 10456","Bronx-Lebanon Hospital Center Fulton Division, 1276, Fulton Avenue, Morrisania, The Bronx, City of New York, New York, 10456, United States",40.8314156,-73.9031729,360050149003002,36,005,014900,3002
Bronx Psychiatric Center,BPC White Plains Road Clinic/ACT Prog,3050 White Plains Road,,Bronx,NY,10467,929-348-4492,,,,,SA MH SUMH * OP * OMH * CHLOR CLOZA OLANZ RISPE NRT NSC ANTPYCH * AT CBT GT IPT * PEON PEOFF * STG * CLF MC MD PI SI SMHA * PA * GL CJ HV SMI * STU * HS PEER * TCC * SMPD * YAD ADLT SNR * AH SP FX * F17 F36 * VAPN * ACT COOT DEC FPSY PRS SEMP VRS SPS ES,"3050 White Plains Road, Bronx, NY 10467","3050, White Plains Road, Williams Bridge, The Bronx, Bronx County, City of New York, New York, 10467, United States",40.8704734,-73.8668342,360050338021002,36,005,033802,1002
Childrens Aid Society,Bronx Health Services,910 East 172Nd Street,3rd Floor,Bronx,NY,10460,347-767-2200,,347-767-2212,,,MH * OP * OMH * CBT IPT TELE * PVTN * MD SF SI SWFS * SS * TAY GL TRMA PTSD SED * STU * SMON * CHLD YAD * AH SP * VAPP * FPSY IPC SPS,"910 East 172Nd Street, Bronx, NY 10460","910, East 172nd Street, Charlotte Gardens, The Bronx, Bronx County, City of New York, New York, 10460, United States",40.834067,-73.890111,360050155002005,36,005,015500,2005
Graham Windham,Mental Health and Wellness Center,1946 Webster Avenue,1st Floor,Bronx,NY,10457,212-368-4100,,,,,MH * OP * OMH * CBT CFT GT IPT TELE * PVTN * MD * TAY TRMA PTSD SED * SMOP * CHLD YAD * SP * VAPP * FPSY TPC,"1946 Webster Avenue, Bronx, NY 10457","1946, Webster Avenue, Tremont, The Bronx, Bronx County, City of New York, New York, 10457, United States",40.8489651,-73.9000184,360050379002004,36,005,037900,2004
Jewish Board,Community Mental Health Center,2488 Grand Concourse,Suite 2000,Bronx,NY,10458,718-881-7600 x51438,844-663-2255,,,,MH SUMH * OP * CMHC * ANTPYCH * CBT CFT DBT GT IPT TELE * CIT * PVTN * CMHG CSBG MC MD PI SF SI * CO * STU * PEER * TCC * SMON * CHLD YAD ADLT SNR * AH SP * VAPN * COOT CM SPS,"2488 Grand Concourse, Bronx, NY 10458","Heart to Heart Home Care, 2488, Grand Concourse, Fordham, The Bronx, Bronx County, City of New York, New York, 10458, United States",40.8620801,-73.8969289,360050237021000,36,005,023702,1000
Jewish Child Care Association,,425 Westchester Avenue,,Bronx,NY,10455,718-742-8550,,,,,MH * OP * OMH * ANTPYCH * CBT CFT DBT GT IPT TELE * PEOFF * PVTN * CLF MD OSF PI SF SMHA SWFS * TAY GL TRMA PTSD SED * STU * MST LABT * PEER * SMON * CHLD YAD * AH SP * VAPN * ACT COOT FPSY PRS SEMP TPC VRS CM,"425 Westchester Avenue, Bronx, NY 10455","425, Westchester Avenue, The Bronx, Bronx County, City of New York, New York, 10455, United States",40.8165318,-73.9160072,360050071002009,36,005,007100,2009
Montefiore Medical Center,Psychiatric Inpatient Service,111 East 210Th Street,Klau 2,Bronx,NY,10467,718-920-4736,,,,,SA MH SUMH * HI * IPSY * CHLOR FLUPH HALOP PERPH ARIPI BREXP CARIP CLOZA LURAS OLANZ PALIP QUETI RISPE ZIPRA NRT NSC ANTPYCH * AT CBT CFT DBT ECT GT IDD IPT AIM * PEON * PVTN * MC MD PI SF SI * SMI * STU * HIVT STDT TBS MST LABT * TCC * SMON * YAD ADLT SNR * AH * VAPN * CDM COOT DEC FPSY IMR PRS IPC SPS,"111 East 210Th Street, Bronx, NY 10467","Montefiore Medical Center West Campus Moses Division Hospital, 111, East 210th Street, Norwood, The Bronx, Bronx County, City of New York, New York, 10467, United States",40.8800853,-73.8798439,360050421001000,36,005,042100,1000
Morris Heights Health Center,Harrison Circle,57 West Burnside Avenue,Level B-1,Bronx,NY,10453,718-839-8900 x3333,,,,,MH SUMH * OP * OMH * CHLOR FLUPH HALOP THIOR TRIFL CLOZA OLANZ OLANZF QUETI RISPE NRT NSC ANTPYCH * AT CBT CFT DBT EMDR GT IDD IPT TELE * CIT WI * PVTN * FQHC * CLF CMHG MC MD OSF PI SF SI * PA SS * TAY SE GL VET ADM MF CJ CO HV DV TRMA PTSD SED SMI * STU * TCC * SMON * CHLD YAD ADLT SNR * SP * VAPN * CDM FPSY IMR IPC SPS,"57 West Burnside Avenue, Bronx, NY 10453","57, West Burnside Avenue, Tremont, The Bronx, Bronx County, City of New York, New York, 10453, United States",40.8544292,-73.909615,360050251007000,36,005,025100,7000
Morris Heights Health Center,Walton Avenue,25 East 183Rd Street,,Bronx,NY,10453,718-839-8900 x3333,,,,,MH SUMH * OP * OMH * CHLOR FLUPH HALOP THIOR TRIFL CLOZA OLANZ OLANZF QUETI RISPE NRT NSC ANTPYCH * AT CBT CFT DBT EMDR GT IDD IPT TELE * CIT WI * PVTN * FQHC * CLF CMHG MC MD OSF PI SF SI * PA SS * TAY SE GL VET ADM MF CJ CO HV DV TRMA PTSD SED SMI * STU * TCC * SMON * CHLD YAD ADLT SNR * SP * VAPN * CDM FPSY SPS,"25 East 183Rd Street, Bronx, NY 10453","25, East 183rd Street, Fordham, The Bronx, Bronx County, City of New York, New York, 10468, United States",40.8586746,-73.9029225,360050239004000,36,005,023900,4000
Nao Medical,,932 East 174Th Street,,Bronx,NY,10460,917-970-2493,,,,,SA MH SUMH * OP * OMH * NRT NSC ANTPYCH * CBT IDD IPT KIT TELE * PEOFF * PVTP * MC MD PI SF SI * TAY SE GL VET ADM MF CO HV DV TRMA ALZ PED PEFP PTSD SMI * STU * HIVT STDT TBS MST HBT HCT LABT * TCC * SMON * CHLD YAD ADLT SNR * SP FX * F36 * VAPN * AOT CDM DEC IMR IPC,"932 East 174Th Street, Bronx, NY 10460","932, East 174th Street, Charlotte Gardens, The Bronx, Bronx County, City of New York, New York, 10460, United States",40.8369062,-73.8872552,360050161004001,36,005,016100,4001
New York City Childrens Center,Bronx Day Treatment Programs,595 Gerard Avenue,,Bronx,NY,10451,929-348-4560,718-264-4557,718-613-3056,,,SA MH SUMH * OP PHDT * PH * NRT NSC ANTPYCH * CBT CRT CFT DBT GT IDD IPT TELE AIM * STG * MD PI SI SMHA * CO PTSD SED * STU * MST LABT * PEER * TCC * SMON * CHLD YAD * AH SP * VAPN * AOT COOT DEC FPSY PRS VRS CM SPS ES,"595 Gerard Avenue, Bronx, NY 10451","595, Gerard Avenue, The Bronx, Bronx County, City of New York, New York, 10451, United States",40.8217819,-73.9282707,360050063016010,36,005,006301,6010
New York City Childrens Center,Bronx Inpatient,1300 Waters Place,State Psychiatric Center,Bronx,NY,10461,718-264-4500,718-264-4934,,,,SA MH SUMH * HI * PSY * NRT NSC ANTPYCH * AT CBT CRT CFT DBT GT IDD IPT AIM * STG * MD PI SI SMHA * CO TRMA PTSD SED * STU * HIVT STDT TBS MST HBT HCT LABT * PEER * TCC * SMON * CHLD * AH SP * VAPN * AOT COOT DEC FPSY ICM PRS VRS CM IPC SPS ES,"1300 Waters Place, Bronx, NY 10461","1300, Waters Place, Middletown, The Bronx, Bronx County, City of New York, New York, 10461, United States",40.8463667,-73.8389731,360050284001003,36,005,028400,1003
NYC HHC North Central Bronx Hospital,ACT Program,3424 Kossuth Avenue,,Bronx,NY,10467,718-519-4701,718-519-3100,,,,SA MH * OP * IPSY * HALOP ARIPI CLOZA OLANZ OLANZF PALIP QUETI RISPE ANTPYCH * CBT GT IDD IPT TELE AIM * CIT PEON PEOFF WI * LCCG * FQHC * CMHG MC MD PI SI SMHA * PA * TAY SE CO SMI * STU * MST LABT * PEER * TCC * SMON * YAD ADLT SNR * VAPN * ACT AOT DEC FPSY LAD PRS SH VRS CM SPS,"3424 Kossuth Avenue, Bronx, NY 10467","North Central Bronx Hospital, 3424, Kossuth Avenue, Norwood, The Bronx, Bronx County, City of New York, New York, 10467, United States",40.8803581,-73.8813965,360050421001000,36,005,042100,1000
NYC/HHC North Central Bronx Hospital,Inpatient Psychiatric Unit,3424 Kossuth Avenue,,Bronx,NY,10467,718-519-4864 x3500,718-519-3030,,,,SA MH SUMH * HI OP PHDT * IPSY * CHLOR FLUPH HALOP PERPH THIOR ARIPI CLOZA OLANZ PALIP RISPE ZIPRA NRT NSC ANTPYCH * AT CBT CFT DBT IDD IPT TELE * CIT PEOFF WI * LCCG * FQHC * CMHG MC MD PI SF SI SMHA * PA * TAY SE GL VET ADM MF CJ CO HV TRMA TBI ALZ PTSD SMI * STU * MST LABT * TCC * SMON * CHLD YAD ADLT SNR * SP * VAPN * ACT CDM COOT DEC FPSY IMR LAD IPC,"3424 Kossuth Avenue, Bronx, NY 10467","North Central Bronx Hospital, 3424, Kossuth Avenue, Norwood, The Bronx, Bronx County, City of New York, New York, 10467, United States",40.8803581,-73.8813965,360050421001000,36,005,042100,1000
NYC/HHC North Central Bronx Hospital,Partial Hospitalization Program,3424 Kossuth Avenue,11th Floor,Bronx,NY,10467,718-519-2439,718-519-3440,,,,SA MH SUMH * HI OP PHDT * OMH * CHLOR FLUPH HALOP PERPH THIOR ARIPI CLOZA OLANZ PALIP RISPE ZIPRA NRT NSC ANTPYCH * AT CBT CFT GT IDD IPT * CIT PEOFF WI * LCCG * FQHC MHC * CSBG SF SI SMHA * PA * TAY SE GL VET ADM MF CJ CO HV TRMA TBI ALZ PED PTSD SMI * STU * MST LABT * TCC * SMON * CHLD YAD ADLT SNR * SP * VAPN * ACT COOT DEC FPSY PRS CM IPC SPS,"3424 Kossuth Avenue, Bronx, NY 10467","North Central Bronx Hospital, 3424, Kossuth Avenue, Norwood, The Bronx, Bronx County, City of New York, New York, 10467, United States",40.8803581,-73.8813965,360050421001000,36,005,042100,1000
NY Pychotherapy and Counseling Ctr,Bronx Child and Family MH Center,579 Courtlandt Avenue,,Bronx,NY,10451,718-553-1100,,,,,MH SUMH * OP * OMH * CHLOR FLUPH HALOP LOXAP PERPH TRIFL ARIPI ASENA BREXP CARIP CLOZA ILOPE LURAS OLANZ OLANZF PALIP QUETI RISPE ZIPRA NRT NSC ANTPYCH * AT CBT CFT DBT IDD IPT TELE * PVTN * MC MD SI * TAY SE GL CO DV TRMA PTSD SED SMI * STU * MST LABT * TCC * SMPD * CHLD YAD ADLT SNR * AH SP FX * F17 F19 F28 F67 * VPPD * AOT COOT FPSY CM SPS,"579 Courtlandt Avenue, Bronx, NY 10451","579, Courtlandt Avenue, Melrose, The Bronx, Bronx County, City of New York, New York, 10451, United States",40.8174554,-73.919394,360050065003000,36,005,006500,3000
Postgraduate Center for MH Inc,PROS,1775 Grand Concourse Street,8th Floor,Bronx,NY,10453,212-560-6700 x402,,,,,SA MH SUMH * OP * OMH * CHLOR DROPE FLUPH HALOP LOXAP PERPH PROCH THIOT ARIPI CLOZA OLANZ OLANZF PALIP QUETI RISPE NSC ANTPYCH * CBT CFT GT IDD IPT TELE * PVTN * MHC * CLF MC MD PI SF SI SMHA * SS * SE CO SMI * STU * LABT * PEER * SMON * YAD ADLT SNR * AH SP * VAPN * AOT COOT FPSY PRS SEMP VRS CM IPC SPS,"1775 Grand Concourse Street, Bronx, NY 10453",,,,,,,,
Puerto Rican Family Institute Inc,Bronx Mental Health Clinic,1420 Stebbins Avenue,,Bronx,NY,10459,718-299-3045 x3226,718-299-3045 x3221,718-299-3045 x3227,,,MH * OP * OMH * CBT CFT DBT GT IPT TELE * PVTN * MC MD PI SF SI * SS * TAY SE GL CJ TRMA PTSD * STU * PEER * SMON * CHLD YAD ADLT SNR * SP * VAPN * FPSY SPS,"1420 Stebbins Avenue, Bronx, NY 10459","1420, Stebbins Avenue, Charlotte Gardens, The Bronx, Bronx County, City of New York, New York, 10459, United States",40.8336491,-73.8941439,360050153001005,36,005,015300,1005
Vida Guidance Center A Division of UHP,,4419 3Rd Avenue,,Bronx,NY,10457,718-364-7700 x3,718-364-7700,,,,MH SUMH * OP * OMH * CHLOR FLUPH HALOP LOXAP PERPH ARIPI ASENA BREXP CARIP CLOZA LURAS OLANZ OLANZF PALIP QUETI RISPE ZIPRA NRT NSC ANTPYCH * AT CBT CFT DBT GT IDD IPT TELE * CIT * STG * FQHC * MC MD SF SI SWFS * PA SS * TAY SE GL VET ADM MF CJ CO HV TRMA PTSD SED SMI * STU * LABT * TCC * SMOP * CHLD YAD ADLT SNR * SP * VAPP * FPSY CM SPS,"4419 3Rd Avenue, Bronx, NY 10457","3rd Avenue, The Bronx, Bronx County, City of New York, New York, 10451, United States",40.8160695,-73.9176365,360050065004003,36,005,006500,4003
ACQC Brooklyn Satellite,,475 Atlantic Avenue,3rd Floor,Brooklyn,NY,11217,718-896-2500,718-896-2500 x5735,,,,SA MH SUMH * OP * OMH * FLUPH HALOP PERPH ARIPI BREXP LURAS OLANZ PALIP QUETI RISPE ZIPRA NRT NSC ANTPYCH * CBT CFT IDD IPT TELE * CIT * PVTN * MC MD PI SF SI SMHA * PA SS * GL HV * STU * HIVT STDT HBT HCT * PEER * TCC * SMOP * CHLD YAD ADLT SNR * AH * VAPP * COOT FPSY CM SPS,"475 Atlantic Avenue, Brooklyn, NY 11217","475, Atlantic Avenue, Boerum Hill, Brooklyn, Kings County, City of New York, New York, 11217, United States",40.6860911,-73.9820532,360470039001002,36,047,003900,1002
Beverley Mack Harry,Consulting Services Inc,738 Crown Street,1st Floor,Brooklyn,NY,11213,718-363-0100,,,,,MH SUMH * OP * OMH * ANTPYCH * AT CBT CFT DBT GT IDD IPT TELE * PEON WI * PVTP * CLF MC MD MI OSF PI SCJJ SF SI SMHA SWFS VAF * SS * TAY SE GL VET HV DV TRMA TBI PTSD SED SMI * STU * PEER * TCC * SMOP * CHLD YAD ADLT SNR * VAPP * COOT DEC FPSY PRS TPC IPC SPS,"738 Crown Street, Brooklyn, NY 11213","738, Crown Street, Crown Heights, Brooklyn, Kings County, City of New York, New York, 11213, United States",40.6651065,-73.933185,360470355001002,36,047,035500,1002
Brookdale Hospital Medical Center,Department of Psychiatry,1 Brookdale Plaza,12th Floor,Brooklyn,NY,11212,718-240-6330,718-240-6168,,,,SA MH SUMH * HI OP * IPSY * HALOP ARIPI BREXP CLOZA LURAS OLANZ PALIP QUETI RISPE NRT NSC ANTPYCH * AT CBT CFT GT IDD IPT TELE AIM * CIT PEON PEOFF WI * PVTN * CLF MC MD PI SF SI * PA SS * TAY SE GL CO HV TRMA PEFP PTSD SED SMI * STU * MST LABT * TCC * SMON * CHLD YAD ADLT SNR * AH SP FX * F4 F17 F19 F25 F28 F36 F47 F70 F81 * VAPN * COOT DEC FPSY IPC SPS,"1 Brookdale Plaza, Brooklyn, NY 11212",,,,,,,,
Catholic Charities Neighborhood Servs,Flatbush Behavioral Health Center,1623 Flatbush Avenue,,Brooklyn,NY,11210,718-377-5755,,,,,SA MH SUMH * OP * CBHC * CHLOR FLUPH HALOP LOXAP PERPH ARIPI CARIP CLOZA OLANZF QUETI RISPE ZIPRA NRT NSC ANTPYCH * AT CBT CFT GT IDD IPT TELE * CIT PEON PEOFF * PVTN * CMHG MC MD PI PCF SF SI SMHA SWFS * VET CO SMI * STU * PEER * TCC * SMON * CHLD YAD ADLT SNR * VAPN * COOT CM SPS,"1623 Flatbush Avenue, Brooklyn, NY 11210","Retro Fitness, 1623, Flatbush Avenue, Brooklyn Community District 17, Brooklyn, Kings County, City of New York, New York, 11210, United States",40.6311268,-73.9448869,360470776001003,36,047,077600,1003
Coalition for Hispanic Family Services,Bonding Links Enlazos Familiares CCR,63 Schaefer Street,,Brooklyn,NY,11207,718-443-5875,,,,,MH SUMH * RES * RTCC * CBT GT * PVTN * CLF MD OSF * TRMA PTSD SED * STU * SMON * CHLD * SP * VAPN * FPSY ICM PRS CM,"63 Schaefer Street, Brooklyn, NY 11207","63, Schaefer Street, Bushwick, Brooklyn, Kings County, City of New York, New York, 11207, United States",40.6863613,-73.9113616,360470401001000,36,047,040100,1000
Coalition for Hispanic Family Services,Bonding Links/Enlazos Familiares MHC,315 Wyckoff Avenue,Suite 6,Brooklyn,NY,11237,718-497-6090 x362,718-497-6090 x360,718-497-6090 x361,,,MH SUMH * OP * OMH * CLOZA ILOPE RISPE ZIPRA ANTPYCH * AT CBT GT IPT * PVTN * MHC * CLF MD OSF SF * SS * TRMA PTSD SED * STU * SMON * CHLD * SP * VAPN * FPSY ICM TPC CM,"315 Wyckoff Avenue, Brooklyn, NY 11237","315, Wyckoff Avenue, Bushwick, Brooklyn, Kings County, City of New York, New York, 11237, United States",40.7001982,-73.9117896,360470439003000,36,047,043900,3000
Community Counseling and Mediation Inc,Youth and Family Consultation Center,25 Elm Place,2nd Floor,Brooklyn,NY,11201,718-802-0666,,,,,SA MH SUMH * OP * OMH * FLUPH HALOP PERPH TRIFL ARIPI OLANZ PALIP QUETI RISPE ZIPRA NRT NSC ANTPYCH * CBT CFT DBT GT IDD IPT TELE * PVTN * MC MD PI SF SI * TAY SE GL VET CJ CO HV TRMA PTSD SMI * STU * HS * TCC * SMOP * CHLD YAD ADLT SNR * SP FX * F17 F19 F36 F43 * VAPP * COOT DEC FPSY SH CM SPS,"25 Elm Place, Brooklyn, NY 11201","25, Elm Place, Downtown Brooklyn, Brooklyn, Kings County, City of New York, New York, 11201, United States",40.6894318,-73.9844157,360470037001003,36,047,003700,1003
Coney Island Hospital,Department of Behavioral Health,2601 Ocean Parkway,,Brooklyn,NY,11235,718-616-5327,718-616-5321,718-616-5333,,,SA MH SUMH * HI OP * OMH * FLUPH HALOP THIOR ARIPI CLOZA LURAS OLANZ OLANZF PALIP QUETI RISPE NRT NSC ANTPYCH * AT CBT CRT CFT DBT GT IDD IPT TELE AIM * CIT PEON PEOFF WI * STG * CLF MC MD MI OSF PI SF SI SMHA SWFS VAF * SS * TAY SE GL VET CO HV DV TRMA PEFP PTSD SED SMI * STU * MST LABT * HS PEER * TCC * SMOP * CHLD YAD ADLT SNR * AH SP FX * F4 F19 F30 F35 F42 F47 F70 * VPPD * ACT COOT DEC FPSY ICM LAD PRS SEMP VRS CM IPC SPS ES,"2601 Ocean Parkway, Brooklyn, NY 11235","NYC Health + Hospitals: South Brooklyn Health, 2601, Ocean Parkway, Gravesend, Brooklyn, Kings County, City of New York, New York, 11235, United States",40.5854595,-73.9648715,360470370003004,36,047,037000,3004
Family Center,LeeKong Health and Wellness Institute,493 Nostrand Avenue,3rd Floor,Brooklyn,NY,11216,718-230-1379 x110,718-230-1379 x140,,,,SA MH SUMH * OP * CBHC * ANTPYCH * AT CBT CFT DBT GT IDD IPT TELE * PVTN * CLF MC MD OSF PI SCJJ SEF SF SI SMHA SWFS * TAY SE VET CO HV TRMA PTSD SED SMI * STU * PEER * TCC * SMON * CHLD YAD ADLT SNR * SP * VAPN * COOT FPSY LAD CM IPC,"493 Nostrand Avenue, Brooklyn, NY 11216","Cali Convenience, 493, Nostrand Avenue, Bedford-Stuyvesant, Brooklyn, Kings County, City of New York, New York, 11216, United States",40.6806085,-73.9494862,360470249004001,36,047,024900,4001
Family Health Center at NYU Langone,Sunset Terrace,514 49Th Street,,Brooklyn,NY,11220,718-431-2600,,,,,SA MH SUMH * OP * OMH * CHLOR DROPE FLUPH HALOP LOXAP PERPH PIMOZ PROCH THIOT THIOR TRIFL ARIPI ASENA BREXP CARIP CLOZA ILOPE LURAS OLANZ OLANZF PALIP QUETI RISPE ZIPRA NRT NSC ANTPYCH * CBT CFT DBT GT IDD IPT TELE AIM * PVTN * FQHC * CLF MC MD PI SF SI * PA SS * CO HV TRMA PEFP PTSD SED SMI * STU * MST LABT * PEER * TCC * SMON * CHLD YAD ADLT SNR * AH SP FX * F17 * VAPN * FPSY PRS CM IPC SPS,"514 49Th Street, Brooklyn, NY 11220","Sunset Terrace Family Health Center, 514, 49th Street, Sunset Park, Brooklyn, Kings County, City of New York, New York, 11220, United States",40.6451563,-74.0092979,360470098002000,36,047,009800,2000
Health and Hospitals/Kings,Kings City Hosp Child/Adol Clinic,451 Clarkson Avenue,"Building R, 7th Floor",Brooklyn,NY,11203,718-245-2520,,,,,MH SUMH * OP * OMH * HALOP ARIPI CLOZA PALIP RISPE NRT NSC ANTPYCH * AT CBT CFT GT IPT TELE AIM * CIT PEON WI * LCCG * MD PI SF SI SWFS * PA SS * SED * STU * HIVT STDT TBS MST LABT * PEER * TCC * SMON * CHLD YAD * AH SP FX * F19 * VAPN * AOT COOT FPSY CM SPS,"451 Clarkson Avenue, Brooklyn, NY 11203","Kings County Hospital Center, 451, Clarkson Avenue, Brooklyn Community District 17, Brooklyn, Kings County, City of New York, New York, 11203, United States",40.6564684,-73.9436745,360470808001001,36,047,080800,1001
Interborough Developmental and,Consultation Center/Canarsie Csl Ctr,9413 Flatlands Avenue,Suite 001-E,Brooklyn,NY,11236,718-272-1600 x111,,,,,MH SUMH * OP * CMHC * CHLOR DROPE HALOP LOXAP ARIPI CLOZA OLANZ RISPE ANTPYCH * CBT CFT DBT IDD IPT TELE * PEON WI * PVTN * MC MD PI SF SI SMHA SWFS * PA SS * TAY SE GL VET CO TRMA PTSD SED SMI * STU * SMPD * CHLD YAD ADLT SNR * SP FX * F4 F19 F28 F35 F36 F70 * VAPN * COOT FPSY SPS,"9413 Flatlands Avenue, Brooklyn, NY 11236","9413, Flatlands Avenue, Canarsie, Brooklyn, Kings County, City of New York, New York, 11236, United States",40.6422949,-73.9029488,360470968002004,36,047,096800,2004
Interborough Developmental and,Consultation Ctr/Crown Heights Clinic,921 East New York Avenue,,Brooklyn,NY,11203,718-778-0485,,,,,SA MH SUMH * OP * OMH * CHLOR HALOP THIOR ANTPYCH * CBT CFT DBT GT IDD IPT * CIT PEON WI * PVTN * CLF MC MD MI OSF PI SCJJ SEF SF SI SMHA SWFS VAF * PA SS * TAY SE GL VET ADM MF CJ CO HV TRMA PED PTSD SED SMI * STU * PEER * TCC * SMON * CHLD YAD ADLT SNR * SP FX * F4 F17 F19 F25 F28 F35 F36 F70 * VAPN * COOT DEC FPSY PRS CM SPS,"921 East New York Avenue, Brooklyn, NY 11203","921, East New York Avenue, Brooklyn, Kings County, City of New York, New York, 11203, United States",40.6627033,-73.9337216,360470880011000,36,047,088001,1000
Interborough Developmental and,Consultation Ctr/Williamsburg Clinic,790 Broadway,Floor 1,Brooklyn,NY,11206,718-388-5176,,,,,SA MH SUMH * OP * OMH * CHLOR FLUPH HALOP LOXAP PERPH PIMOZ PROCH THIOT THIOR TRIFL ARIPI BREXP CARIP CLOZA ILOPE LURAS OLANZ OLANZF PALIP QUETI RISPE ZIPRA ANTPYCH * CBT CFT DBT GT IPT TELE * WI * PVTN * FQHC * FG MC MD PI SF SI * TAY SE CJ TRMA PTSD SED SMI * STU * TCC * SMON * CHLD YAD ADLT SNR * AH SP FX * F4 F17 F19 F28 F36 F42 F70 * VAPN * AOT COOT FPSY CM SPS,"790 Broadway, Brooklyn, NY 11206","790, Broadway, Brooklyn, Kings County, City of New York, New York, 11206, United States",40.6996738,-73.9408006,360470285011002,36,047,028501,1002
Jewish Board of Family/Childrens Servs,Seymour Askin Counseling Center,2020 Coney Island Avenue,,Brooklyn,NY,11223,718-676-4280,844-663-2255,,,,SA MH SUMH * OP * CBHC * CHLOR FLUPH HALOP LOXAP PERPH PIMOZ ARIPI CLOZA ILOPE LURAS OLANZ PALIP QUETI RISPE ZIPRA NRT NSC ANTPYCH * CBT CFT DBT GT IDD IPT TELE * CIT * PVTN * MC MD MI PI SCJJ SF SI SMHA SWFS VAF * PA SS * CO TRMA PTSD SMI * STU * TCC * SMPD * CHLD YAD ADLT SNR * AH SP FX * F19 F35 F70 * VPPD * COOT DEC FPSY PRS CM SPS,"2020 Coney Island Avenue, Brooklyn, NY 11223","2020, Coney Island Avenue, Midwood, Brooklyn, Kings County, City of New York, New York, 11223, United States",40.6080455,-73.9623706,360470420002000,36,047,042000,2000
Kingsboro Psychiatric Center,,681 Clarkson Avenue,"Building 19, Room 102",Brooklyn,NY,11203,718-221-7900,718-257-7780,,,,MH SUMH * OP * OMH * FLUPH HALOP PERPH ARIPI CLOZA LURAS OLANZ OLANZF PALIP QUETI RISPE ZIPRA NRT NSC ANTPYCH * AT CBT DBT GT IPT AIM * STG * FQHC * MC MD PI SCJJ SI SMHA SWFS * PA * SE VET CJ CO PEFP PTSD SMI * STU * SMOP * YAD ADLT SNR * VAPP,"681 Clarkson Avenue, Brooklyn, NY 11203","Kingsboro Psychiatric Center, 681, Clarkson Avenue, East Flatbush, Brooklyn Community District 17, Brooklyn, Kings County, City of New York, New York, 11203, United States",40.6572546,-73.934466,360470808001000,36,047,080800,1000
Kingsboro Psychiatric Center,Canarsie Mental Health Clinic,9801 Foster Avenue,,Brooklyn,NY,11236,718-257-7780,,,,,MH SUMH * OP * OMH * FLUPH HALOP PERPH ARIPI CLOZA LURAS OLANZ OLANZF PALIP QUETI RISPE ZIPRA NRT NSC ANTPYCH * AT GT IPT AIM * STG * MC MD PI SCJJ SI SMHA SWFS * PA * SE VET CJ CO PEFP PTSD SMI * STU * LABT * PEER * SMOP * YAD ADLT SNR * VAPP * AOT COOT ICM PRS VRS CM SPS,"9801 Foster Avenue, Brooklyn, NY 11236","9801, Foster Avenue, Canarsie, Brooklyn, Kings County, City of New York, New York, 11236, United States",40.6491821,-73.9048366,360471098002004,36,047,109800,2004
League School,,567 Kingston Avenue,,Brooklyn,NY,11203,718-498-2500,718-498-2500 x152,718-498-2500 x130,,,MH * OP PHDT * PH * AT GT IPT TELE * PEON * PVTN * MD PI SEF SMHA * PA * SED * STU * TCC * SMON * CHLD YAD * SP FX * F4 F19 F28 F35 * VAPN * FPSY CM SPS ES,"567 Kingston Avenue, Brooklyn, NY 11203","567, Kingston Avenue, Flatbush, Brooklyn, Kings County, City of New York, New York, 11203, United States",40.6595809,-73.9422961,360470808001002,36,047,080800,1002
Nao Medical,,308 Graham Avenue,,Brooklyn,NY,11211,917-970-2493,,,,,SA MH SUMH * OP * OMH * NRT NSC ANTPYCH * CBT IDD IPT KIT TELE * PEOFF * PVTP * MC MD PI SF SI * TAY SE GL VET ADM MF CO HV DV TRMA ALZ PED PEFP PTSD SMI * STU * HIVT STDT TBS MST HBT HCT LABT * TCC * SMON * CHLD YAD ADLT SNR * SP FX * F36 * VAPN * AOT CDM DEC IMR IPC,"308 Graham Avenue, Brooklyn, NY 11211","308, Graham Avenue, Williamsburg, Brooklyn, Kings County, City of New York, New York, 11211, United States",40.7129853,-73.9439764,360470495002001,36,047,049500,2001
New York City Childrens Center,Brooklyn Campus,1819 Bergen Street,,Brooklyn,NY,11233,718-613-3100,718-264-4934,718-613-3055,,,SA MH SUMH * PHDT * PH * NRT NSC ANTPYCH * CBT CRT CFT DBT GT IDD IPT TELE AIM * STG * MD PI SI SMHA * GL CO TRMA PTSD SED * STU * MST LABT * PEER * TCC * SMON * CHLD YAD * AH * VAPN * AOT COOT DEC FPSY ICM PRS CM SPS ES,"1819 Bergen Street, Brooklyn, NY 11233","New York City Children's Center - Brooklyn Campus, 1819, Bergen Street, Brooklyn, Kings County, City of New York, New York, 11233, United States",40.6745517,-73.9205442,360470303002003,36,047,030300,2003
New York City Childrens Center,Brooklyn Childrens Behav Health Clinic,1819 Bergen Street,,Brooklyn,NY,11233,718-613-3100,718-264-4697,,,,SA MH * OP * OMH * NRT NSC ANTPYCH * CBT CRT CFT DBT GT IDD IPT TELE AIM * STG * MD PI SI SMHA * CO TRMA PTSD SED * STU * MST LABT * PEER * TCC * SMON * CHLD YAD * AH * VAPN * AOT COOT DEC FPSY PRS VRS CM SPS ES,"1819 Bergen Street, Brooklyn, NY 11233","New York City Children's Center - Brooklyn Campus, 1819, Bergen Street, Brooklyn, Kings County, City of New York, New York, 11233, United States",40.6745517,-73.9205442,360470303002003,36,047,030300,2003
New York Psychotherapy Counseling Ctr,Bushwick Child/Family MH Center,102 Pilling Street,,Brooklyn,NY,11207,718-553-1100,,,,,MH SUMH * OP * OMH * CHLOR FLUPH HALOP LOXAP PERPH TRIFL ARIPI ASENA BREXP CARIP CLOZA ILOPE LURAS OLANZ OLANZF PALIP QUETI RISPE ZIPRA NRT NSC ANTPYCH * AT CBT CFT DBT IDD IPT TELE * PVTN * MC MD SI * TAY SE GL CO TRMA PTSD SED SMI * STU * MST LABT * TCC * SMPD * CHLD YAD ADLT SNR * AH SP FX * F4 F17 F19 F28 F36 F47 * VPPD * AOT COOT FPSY CM SPS,"102 Pilling Street, Brooklyn, NY 11207","102, Pilling Street, Bushwick, Brooklyn, Kings County, City of New York, New York, 11207, United States",40.6848134,-73.9063895,360470403001003,36,047,040300,1003
New York Psychotherapy Counseling Ctr,East NY Child Family MH Center,2857 Linden Boulevard,,Brooklyn,NY,11208,718-235-3100,,,,,MH SUMH * OP * OMH * CHLOR FLUPH HALOP LOXAP PERPH TRIFL ARIPI ASENA BREXP CARIP CLOZA ILOPE LURAS OLANZ OLANZF PALIP QUETI RISPE ZIPRA NRT NSC ANTPYCH * AT CBT CFT DBT IDD IPT TELE AIM * PVTN * MHC * MC MD SI * TAY SE GL CO DV TRMA PTSD SED SMI * STU * MST LABT * TCC * SMPD * CHLD YAD ADLT SNR * AH SP FX * F19 F28 * VPPD * AOT COOT FPSY CM SPS,"2857 Linden Boulevard, Brooklyn, NY 11208","2857, Linden Boulevard, Brooklyn, Kings County, City of New York, New York, 11208, United States",40.6698265,-73.8584844,360471220001002,36,047,122000,1002
NYC Health and Hospital/Kings,KCHC/BH/Adult Inpatient Services,451 Clarkson Avenue,Building R,Brooklyn,NY,11203,718-245-2751,,718-245-2310,,,SA MH SUMH * HI * IPSY * CHLOR FLUPH HALOP LOXAP PERPH ARIPI CLOZA LURAS OLANZ PALIP QUETI RISPE ZIPRA NRT NSC ANTPYCH * AT CBT CFT DBT GT IDD IPT TELE AIM * CIT PEON WI * LCCG * MC MD PI SF SI * PA SS * STU * HIVT STDT TBS MST LABT * PEER * TCC * SMON * YAD ADLT SNR * AH SP FX * F19 * VAPN * AOT COOT FPSY CM IPC SPS,"451 Clarkson Avenue, Brooklyn, NY 11203","Kings County Hospital Center, 451, Clarkson Avenue, Brooklyn Community District 17, Brooklyn, Kings County, City of New York, New York, 11203, United States",40.6564684,-73.9436745,360470808001001,36,047,080800,1001
NYC Health and Hospital/Kings,KCHC/BH/Adult Outpatient Services,451 Clarkson Avenue,Building R,Brooklyn,NY,11203,718-245-2704,718-245-2727,,,,SA MH SUMH * OP * OMH * FLUPH HALOP ARIPI CLOZA PALIP RISPE NRT NSC ANTPYCH * AT CBT CFT DBT GT IDD IPT TELE AIM * CIT PEON WI * LCCG * MC MD PI SF SI * PA SS * TAY PEFP SMI * STU * HIVT STDT TBS MST LABT * PEER * TCC * SMON * YAD ADLT SNR * AH SP FX * F4 F19 * VAPN * AOT COOT FPSY CM IPC SPS,"451 Clarkson Avenue, Brooklyn, NY 11203","Kings County Hospital Center, 451, Clarkson Avenue, Brooklyn Community District 17, Brooklyn, Kings County, City of New York, New York, 11203, United States",40.6564684,-73.9436745,360470808001001,36,047,080800,1001
NYC/HHC Kings County Hospital Center,KCHC Child/Adolescent Psych IP Servs,451 Clarkson Avenue,Building R,Brooklyn,NY,11203,718-245-2751,,,,,MH SUMH * HI * IPSY * CHLOR FLUPH HALOP LOXAP PERPH ARIPI CLOZA LURAS OLANZ PALIP QUETI RISPE ZIPRA NRT NSC ANTPYCH * AT CBT CFT GT IDD IPT TELE AIM * CIT PEON WI * LCCG * MD PI SF SI SWFS * PA SS * SED * STU * HIVT STDT TBS MST LABT * PEER * TCC * SMON * CHLD YAD * AH SP FX * F19 * VAPN * AOT COOT FPSY CM IPC SPS,"451 Clarkson Avenue, Brooklyn, NY 11203","Kings County Hospital Center, 451, Clarkson Avenue, Brooklyn Community District 17, Brooklyn, Kings County, City of New York, New York, 11203, United States",40.6564684,-73.9436745,360470808001001,36,047,080800,1001
NYC/HHC Kings County Hospital Center,Kings County Hospital CPEP,451 Clarkson Avenue,Building R,Brooklyn,NY,11203,718-245-2310,,,,,SA MH SUMH * HI OP * IPSY * CHLOR FLUPH HALOP LOXAP PERPH ARIPI CLOZA LURAS OLANZ PALIP QUETI RISPE ZIPRA NRT NSC ANTPYCH * AT CBT CFT GT IDD IPT TELE AIM * CIT PEON PEOFF WI * LCCG * MC MD PI SF SI * PA SS * TAY SE CO SED SMI * STU * HIVT STDT TBS MST LABT * PEER * TCC * SMON * CHLD YAD ADLT SNR * AH SP FX * F19 * VAPN * AOT COOT FPSY CM IPC SPS,"451 Clarkson Avenue, Brooklyn, NY 11203","Kings County Hospital Center, 451, Clarkson Avenue, Brooklyn Community District 17, Brooklyn, Kings County, City of New York, New York, 11203, United States",40.6564684,-73.9436745,360470808001001,36,047,080800,1001
NYC H/H Kings County Hospital Center,Partial Hospitalization Program KCHC,451 Clarkson Avenue,Building R,Brooklyn,NY,11203,718-245-4956,,,,,SA MH SUMH * OP PHDT * PH * FLUPH HALOP ARIPI CLOZA PALIP RISPE NRT NSC ANTPYCH * AT CBT CFT GT IDD IPT TELE AIM * CIT PEON WI * LCCG * MC MD PI SF SI * PA SS * SMI * STU * HIVT STDT TBS MST LABT * PEER * TCC * SMON * YAD ADLT SNR * AH SP FX * F19 * VAPN * AOT COOT FPSY CM SPS,"451 Clarkson Avenue, Brooklyn, NY 11203","Kings County Hospital Center, 451, Clarkson Avenue, Brooklyn Community District 17, Brooklyn, Kings County, City of New York, New York, 11203, United States",40.6564684,-73.9436745,360470808001001,36,047,080800,1001
NYU Langone Hospital/Brooklyn,,150 55Th Street,Suite 2950,Brooklyn,NY,11220,718-630-7000,718-437-5210,718-630-7189,,,SA MH SUMH * HI * IPSY * CHLOR DROPE FLUPH HALOP LOXAP PERPH PIMOZ PROCH THIOT THIOR TRIFL ARIPI ASENA BREXP CARIP CLOZA ILOPE LURAS OLANZ OLANZF PALIP QUETI RISPE ZIPRA NRT NSC ANTPYCH * AT CBT GT IDD IPT TELE * CIT PEON WI * PVTN * CLF MC MD MI OSF PI SF SI * STU * MST LABT * TCC * SMON * YAD ADLT SNR * AH SP FX * F4 F17 F31 F35 F42 F66 F70 F81 * VAPN * CDM COOT DEC FPSY IMR PRS VRS CM IPC SPS,"150 55Th Street, Brooklyn, NY 11220","NYU Langone Hospital – Brooklyn, 150, 55th Street, Sunset Park, Brooklyn, Kings County, City of New York, New York, 11220, United States",40.6466732,-74.0209065,360470022001001,36,047,002200,1001
Ohel Kadimah Pros,,1268 East 14Th Street,,Brooklyn,NY,11230,718-686-3400,,,,,MH SUMH * PHDT * PH * THIOR CLOZA OLANZ OLANZF RISPE NRT NSC ANTPYCH * AT CBT CFT DBT GT IDD IPT TELE * CIT * PVTN * MC MD SF * SE CO TRMA PTSD SMI * STU * HS PEER * TCC * SMOP * YAD ADLT SNR * VAPP * COOT DEC FPSY ICM IMR PRS SEMP VRS CM IPC SPS ES,"1268 East 14Th Street, Brooklyn, NY 11230","1268, East 14th Street, Midwood, Brooklyn, Kings County, City of New York, New York, 11230, United States",40.618541,-73.9611931,360470768001006,36,047,076800,1006
One Brooklyn Health System,Interfaith Medical Center,1545 Atlantic Avenue,Center for Mental Health,Brooklyn,NY,11213,718-613-4462 x3,718-613-4486,,,,SA MH SUMH * HI OP * OMH * CHLOR FLUPH HALOP PERPH ARIPI ASENA BREXP CARIP CLOZA LURAS OLANZ OLANZF PALIP QUETI RISPE ZIPRA NRT NSC ANTPYCH * AT CBT CFT GT IDD IPT TELE AIM * CIT PEON WI * PVTN * MC MD MI PI SF SI * SS * TAY SE GL CO HV DV TRMA PEFP PTSD SED SMI * STU * MST LABT * TCC * SMON * CHLD YAD ADLT SNR * AH SP FX * F4 F19 F25 F28 * VAPN * CDM FPSY IPC SPS,"1545 Atlantic Avenue, Brooklyn, NY 11213","Interfaith Medical Center, 1545, Atlantic Avenue, Bedford-Stuyvesant, Brooklyn, Kings County, City of New York, New York, 11213, United States",40.6785782,-73.9374993,360470271001000,36,047,027100,1000
Pesach Tikvah Hope Development Inc,,4111 18Th Avenue,,Brooklyn,NY,11218,718-875-6900,,,,,MH SUMH * OP * OMH * CHLOR HALOP ARIPI CARIP CLOZA LURAS OLANZ OLANZF QUETI RISPE ANTPYCH * PVTN * MD SF * TAY SE TRMA PTSD SED SMI * STU * TCC * SMON * CHLD YAD ADLT SNR * VAPN * COOT FPSY,"4111 18Th Avenue, Brooklyn, NY 11218","4111, 18th Avenue, Parkville, Brooklyn, Kings County, City of New York, New York, 11230, United States",40.6317303,-73.9745205,360470480001001,36,047,048000,1001
Pesach Tikvah Hope Development Inc,,5309 18Th Avenue,4th Floor,Brooklyn,NY,11204,718-705-5190,,,,,MH SUMH * OP * OMH * CHLOR HALOP ARIPI CARIP CLOZA LURAS OLANZ OLANZF QUETI RISPE ANTPYCH * PVTN * MD SF * TAY SE TRMA PTSD SED SMI * STU * TCC * SMON * CHLD YAD ADLT SNR * VAPN * COOT FPSY,"5309 18Th Avenue, Brooklyn, NY 11204","5309, 18th Avenue, Borough Park, Brooklyn, Kings County, City of New York, New York, 11204, United States",40.6256428,-73.983255,360470472002002,36,047,047200,2002
Pesach Tikvah Hope Development Inc,,640 Broadway,,Brooklyn,NY,11206,718-875-6900,,,,,MH SUMH * OP * OMH * CHLOR HALOP ARIPI CARIP CLOZA LURAS OLANZ OLANZF QUETI RISPE ANTPYCH * PVTN * MD SF * TAY SE TRMA PTSD SED SMI * STU * TCC * SMON * CHLD YAD ADLT SNR * VAPN * COOT FPSY,"640 Broadway, Brooklyn, NY 11206","640, Broadway, Brooklyn, Kings County, City of New York, New York, 11206, United States",40.7017787,-73.9434982,360470491003004,36,047,049100,3004
Pesach Tikvah Hope Development Inc,Pesach Tikvah Family Services Center,365 Willoughby Avenue,3rd Floor,Brooklyn,NY,11205,718-875-6900 x1100,,,,,MH SUMH * OP * OMH * CHLOR HALOP ARIPI CARIP CLOZA LURAS OLANZ OLANZF QUETI RISPE ANTPYCH * AT CBT CFT DBT GT IDD IPT TELE * PVTN * MD PI SF SI SMHA VAF * TAY SE TRMA PTSD SED SMI * STU * PEER * TCC * SMON * CHLD YAD ADLT SNR * SP FX * F35 F70 * VAPN * COOT FPSY PRS VRS CM,"365 Willoughby Avenue, Brooklyn, NY 11205","365, Willoughby Avenue, Clinton Hill, Brooklyn, Kings County, City of New York, New York, 11205, United States",40.6930457,-73.9560924,360470235002000,36,047,023500,2000
Puerto Rican Family Institute Inc,Brooklyn Mental Health Clinic,- - -,,Brooklyn,NY,11206,718-963-4430,212-229-6972 x1972,,,,MH SUMH * OP * OMH * ARIPI CLOZA QUETI RISPE ANTPYCH * CBT CFT GT IPT TELE * CIT * PVTN * MC MD PI SF SI * TRMA * STU * PEER * TCC * SMPD * CHLD YAD ADLT * SP * VAPN * CM,"- - -, Brooklyn, NY 11206","Brooklyn, Kings County, City of New York, New York, United States",40.6526006,-73.9497211,360470818003000,36,047,081800,3000
Services for the Underserved,Wellness Works Clinic,1125 Fulton Street,2nd Floor,Brooklyn,NY,11238,347-226-9025,,877-583-5336,,,SA MH SUMH * OP * CBHC * CHLOR FLUPH HALOP ARIPI CLOZA OLANZ QUETI RISPE ZIPRA NRT NSC ANTPYCH * AT CBT CFT DBT GT IDD IPT TELE AIM * CIT WI * PVTN * MC MD PI SF SI SMHA SWFS * CO PEFP SMI * STU * PEER * TCC * SMON * CHLD YAD ADLT SNR * SP FX * F70 * VAPN * AOT DEC FPSY PRS SEMP VRS CM SPS,"1125 Fulton Street, Brooklyn, NY 11238","1125, Fulton Street, Clinton Hill, Brooklyn, Kings County, City of New York, New York, 11238, United States",40.6815814,-73.9566742,360470227003002,36,047,022700,3002
South Beach Psychiatric Center,Bensonhurst OP Clinic,8620 18Th Avenue,,Brooklyn,NY,11214,718-256-8818,,,,,SA MH SUMH * OP * OMH * CHLOR FLUPH HALOP LOXAP PERPH TRIFL ARIPI BREXP CARIP CLOZA ILOPE LURAS OLANZ OLANZF PALIP QUETI RISPE ZIPRA NRT NSC ANTPYCH * AT CBT CFT DBT GT IDD IPT TELE AIM * STG * MC MD PI SF SI SMHA * SE CO TRMA SMI * STU * MST LABT * PEER * TCC * SMON * YAD ADLT SNR * AH SP FX * F17 F19 * VAPN * AOT FPSY PRS VRS SPS,"8620 18Th Avenue, Brooklyn, NY 11214","8620, 18th Avenue, Bath Beach, Brooklyn, Kings County, City of New York, New York, 11214, United States",40.6069065,-74.0034327,360470178002001,36,047,017800,2001
South Beach Psychiatric Center,Coney Island/Sheepshead Bay Clinic,626 Sheepshead Bay Road,"3rd Floor, Room 300",Brooklyn,NY,11224,718-946-2600,,,,,SA MH SUMH * OP * OMH * CHLOR FLUPH HALOP LOXAP PERPH TRIFL ARIPI BREXP CARIP CLOZA ILOPE LURAS OLANZ OLANZF PALIP QUETI RISPE ZIPRA NRT NSC ANTPYCH * CBT CFT DBT GT IDD IPT TELE AIM * STG * MC MD PI SF SI SMHA * TAY SE CO TRMA PEFP SMI * STU * MST LABT * PEER * TCC * SMON * CHLD YAD ADLT SNR * AH SP FX * F70 * VAPN * AOT FPSY PRS VRS SPS,"626 Sheepshead Bay Road, Brooklyn, NY 11224","USPS Neptune Ave, 626, Sheepshead Bay Road, West Brighton, Brooklyn, Kings County, City of New York, New York, 11224, United States",40.5788115,-73.9751368,360470354002002,36,047,035400,2002
South Beach Psychiatric Center,Mapleton Outpatient Clinic,1083 Mcdonald Avenue,,Brooklyn,NY,11230,718-421-7444,,,,,SA MH SUMH * OP * OMH * CHLOR FLUPH HALOP LOXAP PERPH TRIFL ARIPI BREXP CARIP CLOZA ILOPE LURAS OLANZ OLANZF PALIP QUETI RISPE ZIPRA NRT NSC ANTPYCH * AT CBT CFT DBT GT IDD IPT TELE AIM * STG * MC MD PI SF SI SMHA * SE CO TRMA SMI * STU * MST LABT * PEER * TCC * SMON * YAD ADLT SNR * AH SP FX * F70 * VAPN * AOT FPSY PRS VRS SPS,"1083 Mcdonald Avenue, Brooklyn, NY 11230","1083, McDonald Avenue, Parkville, Brooklyn, Kings County, City of New York, New York, 11230, United States",40.6264059,-73.9761283,360470462012004,36,047,046201,2004
Spanish Spk Elderly Council/RAICES Inc,Raices Casa Bienestar,460 Atlantic Avenue,1st Floor,Brooklyn,NY,11217,718-222-1518 x213,718-222-1518,,,,SA MH SUMH * OP * OMH * HALOP ARIPI CLOZA LURAS OLANZ QUETI RISPE ANTPYCH * CBT DBT GT IDD IPT TELE * PVTN * MC MD PI SF * SS * SE GL CJ CO HV TRMA PEFP PTSD SMI * STU * TCC * SMON * YAD ADLT SNR * SP FX * F28 * VAPN * CDM COOT DEC FPSY IMR CM IPC,"460 Atlantic Avenue, Brooklyn, NY 11217","460, Atlantic Avenue, Boerum Hill, Brooklyn, Kings County, City of New York, New York, 11217, United States",40.6859812,-73.9830589,360470041003000,36,047,004100,3000
VA NY Harbor Healthcare System,Brooklyn Campus,800 Poly Place,,Brooklyn,NY,11209,718-836-6600,718-836-6600 x3715,,,,SA MH SUMH * OP PHDT RES * VAHC * CHLOR FLUPH HALOP LOXAP PERPH TRIFL ARIPI CARIP CLOZA LURAS OLANZ PALIP QUETI RISPE ZIPRA NRT NSC ANTPYCH * CBT CFT DBT GT IDD IPT TELE AIM * CIT PEON WI * FED VAMC * MI PI SF VAF * SE GL VET ADM CO HV TBI ALZ * STU * MST LABT * HS PEER * TCC * SMON * YAD ADLT SNR * VAPN * ACT COOT DEC FPSY ICM LAD PRS SEMP SH CM IPC SPS ES,"800 Poly Place, Brooklyn, NY 11209","Advantage Federal Federal Credit Union, 800, Poly Place, Fort Hamilton, Brooklyn, Kings County, City of New York, New York, 11209, United States",40.6081672,-74.0241276,360470164001016,36,047,016400,1016
Willow Behavioral Health,Osier Health,1130 Bedford Avenue,Suite 1061,Brooklyn,NY,11216,646-814-1530,,,,,SA MH SUMH * OP * OMH * CHLOR FLUPH HALOP LOXAP PERPH PIMOZ PROCH THIOT THIOR TRIFL ARIPI BREXP CARIP CLOZA ILOPE LURAS OLANZ OLANZF PALIP QUETI RISPE ZIPRA NRT NSC ANTPYCH * AT CBT CRT CFT DBT EMDR IDD IPT TELE * CIT PEON WI * PVTP * MHC * MC MD MI PI PCF SF SI * PA * TAY SE GL VET ADM MF CJ CO HV DV TRMA TBI ALZ PED PEFP PTSD SMI * STU * HS PEER * TCC * SMON * YAD ADLT SNR * AH SP NX FX * F4 F17 F19 F25 F28 F30 F31 F35 F36 F37 F42 F43 F47 F66 F67 F70 F81 F92 N24 N40 * VAPN * ACT COOT FPSY ICM SEMP CM IPC SPS ES,"1130 Bedford Avenue, Brooklyn, NY 11216","I Mail & More, 1130, Bedford Avenue, Clinton Hill, Brooklyn, Kings County, City of New York, New York, 11216, United States",40.6858983,-73.9545849,360470229001001,36,047,022900,1001
Association to Benefit Children,Fast Break Echo Park,1841 Park Avenue,,New York,NY,10035,646-459-6165,,,,,MH SUMH * OP * OMH * AT CBT CFT DBT GT IDD IPT TELE * CIT PEON PEOFF WI * PVTN * CMHG MD SF SI SMHA SWFS * TAY GL CJ DV TRMA PED PTSD SED * STU * PEER * TCC * SMON * CHLD YAD * AH SP FX * F4 F66 * VAPN * COOT FPSY CM SPS ES,"1841 Park Avenue, New York, NY 10035","1841, Park Avenue, Manhattan Community Board 11, Manhattan, New York County, City of New York, New York, 10035, United States",40.8057614,-73.9382133,360610242002002,36,061,024200,2002
Association to Benefit Children,Fast Break The Bronx,1366 Inwood Avenue,,New York,NY,10452,646-459-6165,,,,,MH SUMH * OP * OMH * AT CBT CFT DBT GT IDD IPT TELE * CIT PEON WI * PVTN * CMHG MD SF SI SMHA SWFS * TAY GL CJ DV TRMA PTSD SED * STU * PEER * TCC * SMON * CHLD YAD * AH SP FX * F66 * VAPN * COOT FPSY CM SPS ES,"1366 Inwood Avenue, New York, NY 10452","1366, Inwood Avenue, High Bridge, The Bronx, Bronx County, City of New York, New York, 10452, United States",40.8399802,-73.9192171,360050219001005,36,005,021900,1005
Bailey House Inc,Outpatient Clinic,1751 Park Avenue,3rd Floor,New York,NY,10035,718-277-0386,212-289-6008,,,,SA MH SUMH * OP * OMH * NRT NSC ANTPYCH * CBT CFT IDD IPT TELE * PVTN * FQHC * MC MD PI SF SI * PA SS * SE GL VET CJ CO HV DV TRMA PTSD SMI * STU * TCC * SMON * YAD ADLT SNR * AH SP * VAPN * FPSY CM IPC SPS,"1751 Park Avenue, New York, NY 10035","1751, Park Avenue, Manhattan Community Board 11, Manhattan, New York County, City of New York, New York, 10035, United States",40.802841,-73.9405327,360610196001001,36,061,019600,1001
Blanton Peale Counseling Center,Blanton Peale Institute,7 West 30Th Street,9th and 10th Floors,New York,NY,10001,212-725-7850,212-725-7850 x119,,,,MH * OP * OMH * ANTPYCH * CBT CFT EMDR IDD IPT TELE * PVTN * MC MD PI PCF SF * SS * TAY SE GL DV PTSD * SMON * CHLD YAD ADLT SNR * SP FX * F47 * VAPN * SPS,"7 West 30Th Street, New York, NY 10001","7, West 30th Street, Koreatown, Manhattan Community Board 5, Manhattan, New York County, City of New York, New York, 10001, United States",40.7464387,-73.9870499,360610076002000,36,061,007600,2000
Bridge Inc,Bridge Diane Goldberg PROS,248 West 108Th Street,,New York,NY,10025,212-663-3000 x1329,212-663-3000 x1372,,,,SA MH SUMH * OP * CMHC OMH * CHLOR FLUPH HALOP LOXAP PERPH ARIPI CLOZA LURAS OLANZ OLANZF PALIP QUETI RISPE ZIPRA NRT NSC ANTPYCH * AT CBT CRT DBT GT IDD IPT TELE AIM * PVTN * MC MD PI SF * TAY GL CO TRMA PTSD SMI * STU * HS PEER * TCC * SMPD * YAD ADLT SNR * VPPD * AOT COOT DEC FPSY LAD PRS SEMP VRS CM IPC SPS ES,"248 West 108Th Street, New York, NY 10025","248, West 108th Street, Bloomingdale, Manhattan Community Board 7, Manhattan, New York County, City of New York, New York, 10025, United States",40.8024685,-73.9669628,360610195004000,36,061,019500,4000
Bridge Inc,Mental Health Clinic,248 West 108Th Street,,New York,NY,10025,212-663-3000 x1372,,,,,SA MH SUMH * OP * CBHC * CHLOR FLUPH HALOP LOXAP PERPH ARIPI CLOZA LURAS OLANZ OLANZF PALIP QUETI RISPE ZIPRA NRT NSC ANTPYCH * CBT DBT GT IDD IPT TELE * PVTN * MC MD PI * TAY CO TRMA PTSD SMI * STU * HS * TCC * SMPD * CHLD YAD ADLT SNR * VPPD * AOT COOT FPSY LAD PRS CM IPC SPS,"248 West 108Th Street, New York, NY 10025","248, West 108th Street, Bloomingdale, Manhattan Community Board 7, Manhattan, New York County, City of New York, New York, 10025, United States",40.8024685,-73.9669628,360610195004000,36,061,019500,4000
Center for Hearing and Communications,,50 Broadway,6th Floor,New York,NY,10004,917-305-7739,,917-305-7700,,,MH * OP * OMH * CHLOR FLUPH HALOP ARIPI CLOZA OLANZ OLANZF RISPE ANTPYCH * CBT CFT DBT GT IPT TELE * CIT * PVTN * MC MD OSF PI PCF SF SI SMHA * SS * TAY SE GL VET CJ HV DV TRMA TBI PED PTSD SMI * STU * TCC * SMOP * CHLD YAD ADLT SNR * AH * VAPP * COOT FPSY,"50 Broadway, New York, NY 10004","NY Gifts, 50, Broadway, Whitehall, Manhattan, New York County, City of New York, New York, 10003, United States",40.7062921,-74.0126905,360610009001003,36,061,000900,1003
Childrens Aid Society,Dunlevy Milbank Center,14-32 West 118Th Street,,New York,NY,10026,212-369-8339,,212-831-9829,,,MH * OP * OMH * CBT IPT TELE * PVTN * MD SF SI SWFS * SS * TAY GL TRMA PTSD SED * STU * SMON * CHLD YAD * AH SP * VAPP * FPSY IPC SPS,"14-32 West 118Th Street, New York, NY 10026","West 118th Street, Manhattan Community Board 10, Manhattan, New York County, City of New York, New York, 10026, United States",40.8032337,-73.9484961,360610190001001,36,061,019000,1001
Community Access,East Village Access PROS,242 East 2Nd Street,,New York,NY,10009,212-780-9008 x7204,212-780-9008 x7219,,,,SA MH SUMH * OP PHDT * OMH * NSC ANTPYCH * AT CBT DBT GT IDD TELE * PVTN * MC MD SMHA * CO TRMA PTSD SMI * STU * MST LABT * PEER * TCC * SMOP * YAD ADLT SNR * VAPP * FPSY PRS SEMP VRS SPS,"242 East 2Nd Street, New York, NY 10009","242, East 2nd Street, Manhattan Community Board 3, Manhattan, New York County, City of New York, New York, 10009, United States",40.7215708,-73.9816804,360610022021001,36,061,002202,1001
Community Counseling Mediation Inc,Manhattan Clinic,15 West 39Th Street,2nd Floor,New York,NY,10018,212-564-6006,718-802-0666,,,,SA MH SUMH * OP * OMH * HALOP ARIPI OLANZ QUETI RISPE NRT NSC ANTPYCH * CBT CFT DBT GT IDD IPT * CIT * PVTN * MC MD PI SF * TAY SE GL VET CJ CO HV DV TRMA TBI PEFP PTSD SED SMI * STU * TCC * SMOP * CHLD YAD ADLT SNR * SP FX * F17 * VAPP * COOT CM SPS,"15 West 39Th Street, New York, NY 10018","River NYC Church, 15, West 39th Street, Midtown South, Manhattan Community Board 5, Manhattan, New York County, City of New York, New York, 10018, United States",40.7522084,-73.9834479,360610084002000,36,061,008400,2000
Cylar House Behavioral Health Clinic,Housing Works Mental Health Clinic,326 West 48Th Street,1st Floor,New York,NY,10036,718-277-0386,718-277-0386 x4217,,,,SA MH SUMH * OP * OMH * NRT NSC ANTPYCH * CBT CFT IDD IPT TELE * PVTN * FQHC * MC MD PI SF SI * PA SS * SE GL VET CJ CO HV DV TRMA PTSD SMI * STU * TCC * SMON * YAD ADLT SNR * AH * VAPN * FPSY CM IPC SPS,"326 West 48Th Street, New York, NY 10036","326, West 48th Street, Hell's Kitchen, Manhattan Community Board 4, Manhattan, New York County, City of New York, New York, 10036, United States",40.7613311,-73.9882989,360610127002000,36,061,012700,2000
FAIR,,1090 Saint Nicholas Avenue,Upper Level,New York,NY,10032,646-992-3357,212-543-4445,,,,SA MH * OP * NRT NSC * CBT CFT DBT GT IDD IPT TELE * PVTN * MC MD PI SF SI * SS * SE CO PTSD SMI * STU * PEER * TCC * SMON * CHLD YAD ADLT SNR * SP * VAPN * COOT FPSY IMR PRS CM SPS,"1090 Saint Nicholas Avenue, New York, NY 10032","1090, Saint Nicholas Avenue, Manhattan Community Board 12, Manhattan, New York County, City of New York, New York, 10032, United States",40.8382602,-73.9396933,360610243013000,36,061,024301,3000
Fast Break 115th,,158 East 115Th Street,,New York,NY,10029,646-459-6161,,,,,MH SUMH * OP * OMH * AT CBT CFT DBT GT IDD IPT TELE * CIT PEON PEOFF WI * PVTN * CMHG MD SF SI SMHA SWFS * TAY GL CJ DV TRMA PED PTSD SED * STU * PEER * TCC * SMON * CHLD YAD * AH SP FX * F35 F66 * VAPN * COOT FPSY CM SPS ES,"158 East 115Th Street, New York, NY 10029","158, East 115th Street, East Harlem, Manhattan Community Board 11, Manhattan, New York County, City of New York, New York, 10029, United States",40.7976112,-73.9417867,360610182004000,36,061,018200,4000
Graham Windham,Manhattan Mental Health Center,274 West 145Th Street,2nd Floor,New York,NY,10039,212-368-4100,,,,,MH * OP * OMH * CBT CFT GT IPT TELE * PVTN * MD * TAY TRMA PTSD SED * SMOP * CHLD YAD * SP * VAPP * FPSY TPC,"274 West 145Th Street, New York, NY 10039","274, West 145th Street, Manhattan Community Board 10, Manhattan, New York County, City of New York, New York, 10030, United States",40.8225794,-73.941703,360610232004001,36,061,023200,4001
Greenwich House Inc,The Center for Resiliency and Wellness,27 Barrow Street,3rd Floor,New York,NY,10014,212-242-4140 x251,,212-242-4140 x249,,,SA MH SUMH * OP * OMH * PERPH ARIPI QUETI ANTPYCH * CBT CFT DBT EMDR GT IDD IPT TELE AIM * WI * PVTN * MHC * CLF MC MD PI SF * SS * TAY SE GL VET CO HV DV TRMA PED PTSD SED SMI * STU * TCC * SMPD * CHLD YAD ADLT SNR * SP FX * F17 F28 F35 F70 * VPPD * FPSY CM SPS,"27 Barrow Street, New York, NY 10014","Greenwich House, 27, Barrow Street, West Village, Manhattan, New York County, City of New York, New York, 10014, United States",40.7323308,-74.0031271,360610067001000,36,061,006700,1000
Hudson Guild Counseling Service,,441 West 26Th Street,,New York,NY,10001,212-760-9822,,,,,MH SUMH * OP * OMH * ARIPI RISPE ANTPYCH * CBT DBT IPT TELE * PVTN * MC MD PI SF SI * STU * TCC * SMON * CHLD YAD ADLT SNR * SP * VAPN * FPSY,"441 West 26Th Street, New York, NY 10001","John Lovejoy Elliott Center, 441, West 26th Street, Chelsea, Manhattan Community Board 4, Manhattan, New York County, City of New York, New York, 10001, United States",40.7495468,-74.0014911,360610097002002,36,061,009700,2002
Karen Horney Clinic Inc,,329 East 62Nd Street,,New York,NY,10065,212-838-4333,212-838-4333 x137,,,,SA MH SUMH * OP * OMH * PERPH ARIPI BREXP OLANZ OLANZF QUETI RISPE ZIPRA NRT NSC ANTPYCH * IPT TELE * PVTN * MC MD PI SF SI * TAY SE GL CO HV TRMA PTSD * STU * TCC * SMON * CHLD YAD ADLT SNR * FX * F17 F28 * VAPN * SPS,"329 East 62Nd Street, New York, NY 10065","329, East 62nd Street, Lenox Hill, Manhattan Community Board 8, Manhattan, New York County, City of New York, New York, 10065, United States",40.762196,-73.9617296,360610110005000,36,061,011000,5000
Lighthouse Guild Behavioral Health,JGB MH and MR Services,250 West 64 Street,,New York,NY,10023,212-769-7800,,,,,MH SUMH * OP * OMH * CHLOR FLUPH HALOP PERPH THIOT THIOR TRIFL ARIPI ASENA CARIP CLOZA LURAS OLANZ OLANZF PALIP QUETI RISPE ZIPRA NRT NSC ANTPYCH * CBT CFT DBT GT IDD IPT TELE AIM * PVTN * MC MD OSF PI PCF SF * SE TBI * STU * MST LABT * TCC * SMON * YAD ADLT SNR * SP * VAPN * CDM FPSY IPC,"250 West 64 Street, New York, NY 10023","250, West 64th Street, Lincoln Square, Manhattan Community Board 7, Manhattan, New York County, City of New York, New York, 10023, United States",40.7742624,-73.9880571,360610151011000,36,061,015101,1000
Lower Eastside Service Center,Continuing Day Treatment Program,46 East Broadway,2nd Floor,New York,NY,10002,212-343-3520,,212-343-3563,,,MH * OP * OMH * ANTPYCH * AT CBT CFT GT IPT TELE * PEON * PVTN * MC MD PI SF * SS * SMI * STU * MST LABT * TCC * SMON * YAD ADLT SNR * VAPN * DEC FPSY ICM PRS CM SPS,"46 East Broadway, New York, NY 10002","46, East Broadway, Two Bridges, Manhattan Community Board 3, Manhattan, New York County, City of New York, New York, 10002, United States",40.7137769,-73.9958626,360610008001000,36,061,000800,1000
Lower Eastside Service Center,Dual Recovery Services,46 East Broadway,6th Floor,New York,NY,10002,212-343-3520,,212-343-3522,,,SA MH * OP * CHLOR FLUPH HALOP LOXAP PERPH PIMOZ PROCH THIOT THIOR TRIFL ARIPI ASENA BREXP CARIP CLOZA ILOPE LURAS OLANZ OLANZF PALIP QUETI RISPE ZIPRA NRT ANTPYCH * CBT GT IDD IPT TELE * PVTN * MD SF * PA SS * CO * STU * PEER * TCC * SMON * YAD ADLT SNR * VAPN * COOT SPS,"46 East Broadway, New York, NY 10002","46, East Broadway, Two Bridges, Manhattan Community Board 3, Manhattan, New York County, City of New York, New York, 10002, United States",40.7137769,-73.9958626,360610008001000,36,061,000800,1000
Metropolitan Center for Mental Health,,160 West 86Th Street,,New York,NY,10024,212-362-8755,646-992-3357,,,,MH SUMH * OP * OMH * ARIPI BREXP CARIP LURAS OLANZ QUETI RISPE ZIPRA ANTPYCH * CBT CFT DBT GT IDD IPT TELE * PVTN * MC MD PI SF * SS * TAY SE TRMA SED SMI * SMON * CHLD YAD ADLT SNR * SP FX * F28 * VAPN * FPSY SPS,"160 West 86Th Street, New York, NY 10024","160, West 86th Street, Manhattan Community Board 7, Manhattan, New York County, City of New York, New York, 10024, United States",40.7872081,-73.9744954,360610169003000,36,061,016900,3000
Metropolitan Center for Mental Health,,1090 Saint Nicholas Avenue,,New York,NY,10032,212-543-0777,646-992-3357,,,,MH SUMH * OP * OMH * ARIPI BREXP CARIP LURAS OLANZ QUETI RISPE ZIPRA ANTPYCH * CBT CFT DBT GT IDD IPT TELE * PVTN * MC MD PI SF * SS * TAY SE TRMA SED SMI * SMON * CHLD YAD ADLT SNR * SP FX * F28 * VAPN * FPSY SPS,"1090 Saint Nicholas Avenue, New York, NY 10032","1090, Saint Nicholas Avenue, Manhattan Community Board 12, Manhattan, New York County, City of New York, New York, 10032, United States",40.8382602,-73.9396933,360610243013000,36,061,024301,3000
Metropolitan Center for Mental Health,,336 Central Park West,,New York,NY,10025,212-864-3666,646-992-3357,,,,MH SUMH * OP * OMH * ARIPI BREXP CARIP LURAS OLANZ QUETI RISPE ZIPRA ANTPYCH * CBT CFT DBT GT IDD IPT TELE * PVTN * CMHG MC MD PI SF VAF * SS * TAY SE TRMA SED SMI * SMON * CHLD YAD ADLT SNR * SP FX * F28 * VAPN * FPSY SPS,"336 Central Park West, New York, NY 10025","336, Central Park West, Manhattan Community Board 7, Manhattan, New York County, City of New York, New York, 10025, United States",40.7902597,-73.9658981,360610177007000,36,061,017700,7000
Metropolitan Hospital Center,Psychiatric Services,1901 1St Avenue,Room 4M3,New York,NY,10029,212-423-7155,212-423-6262,,,,MH SUMH * HI OP * OMH * CHLOR HALOP PERPH TRIFL ARIPI ASENA BREXP CLOZA LURAS OLANZ PALIP QUETI RISPE ZIPRA NRT NSC ANTPYCH * AT CFT DBT GT IPT TELE * PEON WI * STG * CLF ITU MC MD MI OSF PI SCJJ SEF SF SI SMHA SWFS VAF * PA SS * TAY SE GL VET ADM MF CJ CO HV TRMA TBI ALZ PED PTSD SED SMI * STU * HIVT STDT TBS MST LABT * HS PEER * TCC * SMON * CHLD YAD ADLT SNR * AH SP FX * F4 F17 F19 F25 F28 F35 F36 F47 F70 * VAPN * ACT AOT CDM COOT FPSY LAD PRS SEMP SH VRS IPC SPS,"1901 1St Avenue, New York, NY 10029","NYC Health + Hospitals/Metropolitan, 1901, 1st Avenue, Manhattan Community Board 11, Manhattan, New York County, City of New York, New York, 10129, United States",40.7850371,-73.9449708,360610156021000,36,061,015602,1000
Mount Sinai Morningside,Department of Psychiatry,1090 Amsterdam Avenue,16th Floor,New York,NY,10025,212-523-4139,212-523-8080,,,,SA MH SUMH * HI OP * IPSY * CHLOR FLUPH HALOP PERPH ARIPI CARIP CLOZA LURAS OLANZ PALIP QUETI RISPE ZIPRA NRT NSC ANTPYCH * AT CBT CFT DBT GT IDD IPT TELE AIM * CIT PEON PEOFF WI * PVTN * MC MD PI SF SI SMHA * TAY SE GL CO HV TRMA PEFP PTSD SED SMI * STU * MST LABT * PEER * TCC * SMON * CHLD YAD ADLT SNR * AH SP * VAPN * CDM COOT DEC FPSY IMR PRS IPC SPS ES,"1090 Amsterdam Avenue, New York, NY 10025","Strokos Deli, 1090, Amsterdam Avenue, Morningside Heights, Manhattan Community Board 9, Manhattan, New York County, City of New York, New York, 10025, United States",40.805466,-73.9622848,360610199003000,36,061,019900,3000
New York City Childrens Center,Queens Mid Childhood Clinic at PS 169,110 East 88Th Street,,New York,NY,10128,212-987-2010,,212-987-2513,,,SA MH SUMH * OP * OMH * NRT NSC ANTPYCH * CBT CRT CFT DBT GT IDD IPT TELE AIM * STG * MD PI SI SMHA * CO PTSD SED * STU * MST LABT * PEER * TCC * SMON * CHLD * AH SP * VAPN * AOT COOT DEC FPSY PRS VRS CM SPS ES,"110 East 88Th Street, New York, NY 10128","110, East 88th Street, Yorkville, Manhattan Community Board 8, Manhattan, New York County, City of New York, New York, 10128, United States",40.7810138,-73.9554009,360610148023001,36,061,014802,3001
New York Presbyterian Hospital,Morgan Stanley Childrens Hospital,3959 Broadway,"6th Floor, North Wing Pediatric Psych",New York,NY,10032,212-305-3093,212-305-0924,,,,SA MH SUMH * OP * OMH * HALOP ARIPI CLOZA LURAS OLANZ OLANZF QUETI RISPE ANTPYCH * CBT CFT DBT GT IPT TELE * CIT PEON PEOFF * PVTN * MC MD PI SF SI * TAY GL HV DV TRMA PTSD SED * STU * TCC * SMON * CHLD YAD ADLT SNR * AH SP * VAPN * FPSY CM SPS ES,"3959 Broadway, New York, NY 10032","Morgan Stanley Children's Hospital, 3959, Broadway, Manhattan Community Board 12, Manhattan, New York County, City of New York, New York, 10032, United States",40.8397559,-73.941448,360610251001002,36,061,025100,1002
Northside Center for Child Development,Home Based Crisis Intervention,1475 Park Avenue,,New York,NY,10029,212-426-3400,646-596-2967,,,,MH * OP * OMH * HALOP LOXAP ARIPI OLANZ RISPE ZIPRA ANTPYCH * CBT CFT DBT IPT * PVTN * SMHA * PA * SED * SMON * CHLD YAD * SP * VAPN * FPSY,"1475 Park Avenue, New York, NY 10029","1475, Park Avenue, East Harlem, Manhattan Community Board 11, Manhattan, New York County, City of New York, New York, 10029, United States",40.7940022,-73.9469898,360610172003000,36,061,017200,3000
Northside Ctr Therapeutic Early Child,Preschool Day Treatment,1475 Park Avenue,,New York,NY,10029,212-426-3400,212-426-3400 x3459,212-426-3400 x3464,,,MH * OP PHDT * PH * AT CBT GT IPT TELE * CIT * PVTN * MD SEF * PA * TRMA PTSD SED * SMON * CHLD * VAPN * FPSY CM ES,"1475 Park Avenue, New York, NY 10029","1475, Park Avenue, East Harlem, Manhattan Community Board 11, Manhattan, New York County, City of New York, New York, 10029, United States",40.7940022,-73.9469898,360610172003000,36,061,017200,3000
NYC HH Metropolitan Hospital Ctr,Adult BH Clinic,1900 2Nd Avenue,1st Floor,New York,NY,10029,212-423-8017,212-423-6645,212-423-6528,,,MH SUMH * OP * OMH * CHLOR PERPH TRIFL ARIPI ASENA BREXP CLOZA LURAS OLANZ PALIP QUETI RISPE ZIPRA NRT NSC ANTPYCH * DBT GT IPT TELE * PEON * STG * CLF ITU MC MD MI OSF PI SCJJ SEF SF SI SMHA SWFS VAF * PA SS * TAY SE GL VET ADM MF CJ CO HV TRMA TBI ALZ PED PTSD SMI * STU * MST LABT * HS PEER * TCC * SMON * CHLD YAD ADLT SNR * AH SP FX * F4 F17 F19 F25 F28 F35 F36 F47 F70 * VAPN * AOT CDM COOT LAD PRS SEMP SH VRS IPC SPS,"1900 2Nd Avenue, New York, NY 10029","1900, 2nd Avenue, Manhattan Community Board 11, Manhattan, New York County, City of New York, New York, 10029, United States",40.7854096,-73.9458364,360610156021000,36,061,015602,1000
NYC HH Metropolitan Hospital Ctr,Metrop Hosp CMHC Child/Adol Clinic,1900 2Nd Avenue,6th Floor,New York,NY,10029,212-423-7155,212-423-6945,,,,MH SUMH * OP * OMH * CHLOR ARIPI OLANZ QUETI RISPE NRT NSC ANTPYCH * CFT DBT GT IPT TELE * PEON * STG * CLF ITU MC MD MI OSF PI SCJJ SEF SF SI SMHA SWFS VAF * PA SS * GL CJ CO HV TRMA TBI PED PTSD SED * STU * LABT * TCC * SMON * CHLD * AH SP FX * F4 F17 F19 F25 F28 F35 F36 F47 F70 * VAPN * FPSY PRS SPS,"1900 2Nd Avenue, New York, NY 10029","1900, 2nd Avenue, Manhattan Community Board 11, Manhattan, New York County, City of New York, New York, 10029, United States",40.7854096,-73.9458364,360610156021000,36,061,015602,1000
NY Psychiatric Institute,Wash Heights Comm Servs Audubon Clinic,513 West 166Th Street,4th Floor,New York,NY,10032,212-928-8300,,,,,SA MH SUMH * OP * OMH * CHLOR FLUPH HALOP LOXAP PERPH PIMOZ PROCH THIOT TRIFL ARIPI BREXP CARIP CLOZA ILOPE LURAS OLANZ OLANZF PALIP QUETI RISPE ZIPRA NRT NSC ANTPYCH * AT CBT CFT DBT GT IDD IPT TELE AIM * STG * MC MD PI SI SMHA SWFS * PA SS * SMI * STU * HIVT STDT TBS MST HBT HCT LABT * PEER * TCC * SMON * YAD ADLT SNR * SP * VAPN * AOT CDM DEC FPSY IMR PRS SEMP CM IPC SPS,"513 West 166Th Street, New York, NY 10032","513, West 166th Street, Manhattan Community Board 12, Manhattan, New York County, City of New York, New York, 10032, United States",40.839247,-73.9388062,360610251001006,36,061,025100,1006
NYS Psychiatric Institute,Wash Heights Comm Servs Inwood Clinic,4941 Broadway,Lower Level,New York,NY,10034,212-942-8500,212-942-1471,,,,SA MH SUMH * OP * OMH * CHLOR FLUPH HALOP LOXAP PERPH PIMOZ PROCH THIOT TRIFL ARIPI BREXP CARIP CLOZA ILOPE LURAS OLANZ OLANZF PALIP QUETI RISPE ZIPRA NRT NSC ANTPYCH * AT CBT CFT DBT GT IDD IPT TELE AIM * STG * MC MD PI SI SMHA SWFS * PA SS * SMI * STU * HIVT STDT TBS MST HBT HCT LABT * PEER * TCC * SMON * YAD ADLT SNR * AH SP * VAPN * AOT CDM DEC FPSY IMR PRS SEMP CM IPC SPS,"4941 Broadway, New York, NY 10034","TD Bank, 4941, Broadway, Inwood, Manhattan Community Board 12, Manhattan, New York County, City of New York, New York, 10034, United States",40.8678994,-73.9211496,360610303002002,36,061,030300,2002
NYU Langone Hospitals,Inpatient Psychiatric Unit,550 1St Avenue,10th Floor,New York,NY,10016,212-263-5420,,,,,MH SUMH * HI * IPSY * CHLOR FLUPH HALOP PERPH ARIPI BREXP CARIP CLOZA LURAS OLANZ OLANZF QUETI RISPE ZIPRA NRT NSC ANTPYCH * AT ECT GT IDD IPT * CIT PEON WI * PVTN * CLF MC MD OSF PI SF SI * STU * HIVT STDT TBS MST HBT HCT LABT * TCC * SMON * YAD ADLT SNR * AH * VAPN * CDM COOT DEC IMR PRS IPC SPS,"550 1St Avenue, New York, NY 10016","Tisch Hospital, 550, 1st Avenue, Kips Bay, Manhattan Community Board 6, Manhattan, New York County, City of New York, New York, 10016, United States",40.7420735,-73.9743366,360610062001000,36,061,006200,1000
NYU Langone Hospitals,Tisch Hosp Inpatient Psychiatric Unit,530 1St Avenue,10th Floor,New York,NY,10016,212-263-5567,,,,,MH SUMH * HI * IPSY * CHLOR FLUPH HALOP PERPH ARIPI BREXP CARIP CLOZA LURAS OLANZ OLANZF QUETI RISPE ZIPRA NRT NSC ANTPYCH * AT CBT DBT ECT GT IDD IPT * CIT PEON WI * PVTN * CLF MC MD OSF PI SF SI * STU * HIVT STDT TBS MST HBT HCT LABT * TCC * SMON * YAD ADLT SNR * AH * VAPN * CDM COOT DEC IMR PRS IPC SPS,"530 1St Avenue, New York, NY 10016","Schwartz Entrance, 530, 1st Avenue, Kips Bay, Manhattan Community Board 6, Manhattan, New York County, City of New York, New York, 10016, United States",40.7415914,-73.9748596,360610062001000,36,061,006200,1000
Postgraduate Center for Mental Health,Center for Adult Psychotherapy,213 West 35Th Street,4th Floor,New York,NY,10001,212-665-1860,212-576-4104,,,,MH SUMH * OP * OMH * CHLOR DROPE FLUPH HALOP LOXAP PERPH PROCH THIOT ARIPI CLOZA LURAS OLANZ OLANZF PALIP ANTPYCH * CBT CFT GT IPT TELE * PVTN * MC MD PI SF SI * SMON * YAD ADLT SNR * AH SP * VAPN * AOT,"213 West 35Th Street, New York, NY 10001","Cutlets, 213, West 35th Street, Garment District, Manhattan Community Board 5, Manhattan, New York County, City of New York, New York, 10001, United States",40.7520011,-73.9906484,360610109001004,36,061,010900,1004
Puerto Rican Family Institute,Manhattan Mental Health Clinic,145 West 15Th Street,5th Floor,New York,NY,10011,212-229-6905,212-229-6942 x1972,,,,MH SUMH * OP * OMH * CHLOR FLUPH HALOP PERPH THIOR ARIPI CLOZA LURAS OLANZ PALIP QUETI RISPE ZIPRA NSC ANTPYCH * CBT CFT GT IPT TELE * PEON WI * PVTN * FG MC MD PI SF SI * SS * TRMA PTSD * STU * PEER * TCC * SMON * CHLD YAD ADLT SNR * SP * VAPN * COOT FPSY CM SPS,"145 West 15Th Street, New York, NY 10011","145, West 15th Street, Manhattan Community Board 4, Manhattan, New York County, City of New York, New York, 10011, United States",40.7389115,-73.9979383,360610081003000,36,061,008100,3000
Ryan Health,Mental Health,801 Amsterdam Avenue,,New York,NY,10025,212-769-7200,,,,,MH SUMH * OP * OMH * ARIPI CLOZA LURAS OLANZ RISPE ANTPYCH * AT CBT CFT DBT GT IPT TELE AIM * PVTN * FQHC * MC MD PI PCF SF * PA SS * TAY SE TRMA SED SMI * STU * LABT * TCC * SMOP * CHLD YAD ADLT SNR * SP FX * F28 * VAPP * FPSY CM SPS ES,"801 Amsterdam Avenue, New York, NY 10025","Ryan Health Women & Children's, 801, Amsterdam Avenue, Bloomingdale, Manhattan Community Board 7, Manhattan, New York County, City of New York, New York, 10025, United States",40.7958469,-73.9687558,360610185002000,36,061,018500,2000
Ryan Health,NENA,279 East 3Rd Street,,New York,NY,10009,212-769-7200 x7843,212-477-8500 x7843,,,,MH SUMH * OP * OMH * ARIPI CLOZA LURAS OLANZ RISPE ANTPYCH * AT CBT CFT DBT GT IPT TELE AIM * PVTN * FQHC * MC MD PI PCF SF * PA SS * TAY SE TRMA SED SMI * STU * LABT * TCC * SMOP * CHLD YAD ADLT SNR * SP FX * F28 * VAPP * FPSY CM SPS ES,"279 East 3Rd Street, New York, NY 10009","Ryan/NENA Comprehensive Heath Service Center, 279, East 3rd Street, Manhattan Community Board 3, Manhattan, New York County, City of New York, New York, 10009, United States",40.721615,-73.9800434,360610026011002,36,061,002601,1002
Saint Marks Place Institute for MH Inc,,57 Saint Marks Place,"1st, 2nd and 3rd Floors",New York,NY,10003,212-982-3470 x125,212-982-3470,,,,SA MH SUMH * OP * OMH * CHLOR HALOP LOXAP PROCH TRIFL ARIPI ASENA BREXP CARIP CLOZA ILOPE LURAS OLANZ OLANZF PALIP QUETI RISPE ZIPRA NRT NSC ANTPYCH * CBT CFT DBT GT IDD IPT KIT TMS TELE * PVTN * MC MD PI SF SI * TAY SE GL VET CJ CO HV DV TRMA TBI PEFP PTSD SMI * STU * HIVT STDT TBS MST HBT HCT LABT * PEER * TCC * SMON * CHLD YAD ADLT SNR * AH SP FX * F66 F70 * VAPN * AOT CDM COOT FPSY IMR IPC SPS,"57 Saint Marks Place, New York, NY 10003","57, Saint Marks Place, Manhattan Community Board 3, Manhattan, New York County, City of New York, New York, 10003, United States",40.7282762,-73.986409,360610038007000,36,061,003800,7000
Shiloh Consulting LLC,Outpatient Clinic,566 Fashion Avenue,Floor 4,New York,NY,10018,212-564-7631,,,,,SA MH SUMH * OP * OMH * FLUPH HALOP ARIPI CLOZA OLANZ PALIP NRT ANTPYCH * CBT CFT DBT GT IDD IPT TELE * PVTP * MHC * CLF MC MD PI SF SI SMHA * SS * SE GL VET CJ CO HV TRMA PEFP PTSD SMI * STU * SMOP * YAD ADLT SNR * SP * VAPP * COOT FPSY SPS,"566 Fashion Avenue, New York, NY 10018",,,,,,,,
Steven A Cohen Military Family Clinic,NYU Langone Health,- - -,,New York,NY,10016,855-698-4677,,,,,SA MH SUMH * OP * OMH * NRT NSC * CBT CRT CFT DBT GT IDD IPT TELE * PVTN * CLF PCF * TAY SE GL VET MF CO TRMA TBI PTSD * STU * TCC * SMON * CHLD YAD ADLT SNR * AH * VAPN * FPSY SPS,"- - -, New York, NY 10016","City of New York, New York, United States",40.7127281,-74.0060152,360610031002008,36,061,003100,2008
University Settlement Society of NY,Victory Guild Consultation Center,184 Eldridge Street,,New York,NY,10002,212-453-4522,,,,,MH SUMH * OP * OMH * CHLOR FLUPH HALOP LOXAP PERPH PIMOZ PROCH THIOT THIOR TRIFL CLOZA ILOPE OLANZF RISPE ZIPRA ANTPYCH * AT CBT CFT DBT GT IPT TELE * PVTN * CLF CMHG MC MD OSF PI PCF SCJJ SEF SF SI SMHA SWFS * TAY SE GL VET CJ TRMA PTSD SED SMI * STU * MST LABT * PEER * TCC * SMON * CHLD YAD ADLT SNR * SP FX * F17 F19 F28 F35 F36 F42 F66 F70 * VAPN * CDM COOT DEC FPSY CM SPS,"184 Eldridge Street, New York, NY 10002","University Settlement Society of New York, 184, Eldridge Street, Lower East Side, Manhattan Community Board 3, Manhattan, New York County, City of New York, New York, 10002, United States",40.7205383,-73.990564,360610018004000,36,061,001800,4000
VA NY Harbor Healthcare System,Manhattan Campus,423 East 23Rd Street,,New York,NY,10010,212-686-7500,,,,,SA MH SUMH * HI OP * VAHC * CHLOR FLUPH HALOP LOXAP PERPH TRIFL ARIPI CARIP CLOZA LURAS OLANZ PALIP QUETI RISPE ZIPRA NRT NSC ANTPYCH * CBT CFT DBT ECT GT IDD IPT TELE AIM * CIT PEON WI * FED VAMC * MI PI SF VAF * SE GL VET ADM CO HV TBI ALZ PED * STU * MST LABT * HS PEER * TCC * SMON * YAD ADLT SNR * VAPN * ACT COOT DEC FPSY ICM LAD PRS SEMP SH CM IPC SPS ES,"423 East 23Rd Street, New York, NY 10010","Veteran Affairs New York Harbor Healthcare System, 423, East 23rd Street, Kips Bay, Manhattan Community Board 6, Manhattan, New York County, City of New York, New York, 10010, United States",40.7370702,-73.9768987,360610062001004,36,061,006200,1004
VNS Health,Manhattan Geriatric Outreach,148 West 125Th Street,3rd Floor,New York,NY,10027,212-609-1755,,212-609-7788,,,MH * OP * OMH * PVTN * CLF OSF * PA * SE * STU * SMOP * SNR * SP * VAPP * FPSY PRS ES,"148 West 125Th Street, New York, NY 10027","148, West 125th Street, Manhattan Community Board 10, Manhattan, New York County, City of New York, New York, 10027, United States",40.8084473,-73.947781,360610222002001,36,061,022200,2001
William A White Institute,,20 West 74Th Street,,New York,NY,10023,212-873-0725 x26,212-873-0725 x20,212-873-0726,,,MH * OP * OMH * CFT IPT * PVTN * SF * TAY SE GL HV TRMA PED SED * SMON * CHLD YAD ADLT SNR * VAPN * FPSY,"20 West 74Th Street, New York, NY 10023","20, West 74th Street, Lincoln Square, Manhattan Community Board 7, Manhattan, New York County, City of New York, New York, 10023, United States",40.7778061,-73.9761835,360610157001000,36,061,015700,1000
YAI,Center for Specialty Therapy,- - -,,New York,NY,10017,212-273-6100 x6244,212-273-6272 x0,,,,MH * OP * OMH * CBT CFT GT IDD IPT TELE * PVTN * MC MD OSF PI SF SI * SMON * CHLD YAD ADLT SNR * SP FX * F17 F70 * VAPN * DEC FPSY,"- - -, New York, NY 10017","City of New York, New York, United States",40.7127281,-74.0060152,360610031002008,36,061,003100,2008
Jewish Board of Family/Childrens Servs,Morris L Black Counseling Ctr,1765 South Avenue,,Staten Island,NY,10314,718-761-9800,844-663-2255,,,,SA MH SUMH * OP * CBHC * CHLOR FLUPH HALOP LOXAP CLOZA OLANZF RISPE NSC ANTPYCH * CBT CFT DBT EMDR GT IDD IPT TELE AIM * CIT PEOFF * PVTN * CMHG MC MD PI SF SI SMHA SWFS * SS * TAY SE GL CO DV TRMA PED PEFP PTSD SED SMI * STU * MST * PEER * TCC * SMOP * CHLD YAD ADLT SNR * AH SP FX * F4 F17 F70 * VAPP * ACT COOT DEC FPSY ICM PRS CM IPC SPS,"1765 South Avenue, Staten Island, NY 10314","South Avenue, Chelsea, Staten Island, Richmond County, City of New York, New York, 10314, United States",40.6017344,-74.1926528,360850291021051,36,085,029102,1051
Richmond University Medical Center,Saint George Clinic,1130 South Avenue,,Staten Island,NY,10314,718-818-5557,718-818-6132,,,,SA MH SUMH * OP * OMH * FLUPH HALOP PERPH ARIPI OLANZ RISPE NRT NSC ANTPYCH * AT CBT CFT DBT GT IDD IPT TMS TELE AIM * PVTN * FQHC * MC MD PI SF SI * CO SMI * STU * MST LABT * TCC * SMPD * YAD ADLT SNR * AH SP FX * F47 F70 * VPPD * FPSY IPC SPS,"1130 South Avenue, Staten Island, NY 10314","1130 South Avenue at Lois Lane, 1130, South Avenue, Bloomfield, Staten Island, Richmond County, City of New York, New York, 10314, United States",40.6125667,-74.1766834,360850291021028,36,085,029102,1028
South Beach Psychiatric Center,Ocean View Lodge Clinic,777 Seaview Avenue,"Building 10, 2nd Floor",Staten Island,NY,10305,718-667-2536,718-667-2463,,,,SA MH SUMH * OP * OMH * CHLOR FLUPH HALOP LOXAP PERPH TRIFL ARIPI BREXP CARIP CLOZA ILOPE LURAS OLANZ OLANZF PALIP QUETI RISPE ZIPRA NRT NSC ANTPYCH * AT CBT CRT CFT DBT GT IDD IPT TELE AIM * STG * MC MD PI SF SI SMHA * SE CO TRMA SMI * STU * MST LABT * PEER * TCC * SMON * YAD ADLT SNR * AH SP FX * F17 F66 F70 F81 * VAPN * AOT FPSY PRS VRS SPS,"777 Seaview Avenue, Staten Island, NY 10305","Staten Island Children and Youth Day Treatment Center and South Beach Psychiatric Center, 777, Seaview Avenue, Staten Island, Richmond County, City of New York, New York, 10305, United States",40.5826278,-74.0803938,360850070023003,36,085,007002,3003
South Beach Psychiatric Center,South Richmond ACT Team,- - -,,Staten Island,NY,10305,718-668-8050,,,,,SA MH SUMH * OP * OMH * CHLOR FLUPH HALOP LOXAP PERPH TRIFL ARIPI BREXP CARIP CLOZA ILOPE LURAS OLANZ OLANZF PALIP QUETI RISPE ZIPRA NRT NSC ANTPYCH * CBT CFT DBT GT IDD IPT TELE AIM * STG * MC MD PI SF SI SMHA * SE CO TRMA SMI * STU * MST LABT * PEER * TCC * SMON * YAD ADLT SNR * AH FX * F17 * VAPN * ACT AOT FPSY PRS VRS CM SPS,"- - -, Staten Island, NY 10305","Staten Island, Richmond County, City of New York, New York, United States",40.5834557,-74.1496048,360850277042006,36,085,027704,2006
Staten Island Mental Health,A Div of Richmond University Med Ctr,- - -,,Staten Island,NY,10301,718-818-4440,718-818-6700,,,,MH SUMH * OP * CMHC * CHLOR PERPH ARIPI LURAS OLANZ QUETI RISPE ANTPYCH * AT CBT CFT DBT GT IPT TELE * PVTN * FQHC * FG MD MI PI SF * SS * TRMA PTSD SED * STU * MST * SMON * CHLD YAD * AH SP * VAPN * FPSY SPS,"- - -, Staten Island, NY 10301","Staten Island, Richmond County, City of New York, New York, United States",40.5834557,-74.1496048,360850277042006,36,085,027704,2006
Staten Island Mental Health A Division,A Div of Richmond University Med Ctr,669 Castleton Avenue,,Staten Island,NY,10301,718-818-6690,718-818-6700 x86700,,,,MH SUMH * OP * OMH * ARIPI QUETI RISPE NRT ANTPYCH * AT CBT CFT DBT IPT TELE * PVTN * CLF MD PI SF SI * TAY GL MF CJ TRMA PTSD SED SMI * STU * TCC * SMON * CHLD YAD * AH SP FX * F19 F35 F36 F70 * VAPN * FPSY CM,"669 Castleton Avenue, Staten Island, NY 10301","669, Castleton Avenue, West New Brighton, Staten Island, Richmond County, City of New York, New York, 10301, United States",40.6352854,-74.1037554,360850067001010,36,085,006700,1010
VA NY Harbor Healthcare System,Staten Island Community Clinic,1150 South Avenue,Suite 301,Staten Island,NY,10314,718-761-2973,,,,,SA MH SUMH * OP * VAHC * CHLOR FLUPH HALOP LOXAP PERPH TRIFL ARIPI CARIP CLOZA LURAS OLANZ PALIP QUETI RISPE ZIPRA NRT NSC ANTPYCH * CBT CFT IPT TELE AIM * FED VAMC * MC MI PI SF VAF * SE VET ADM CO TBI SMI * STU * MST * HS * TCC * SMON * YAD ADLT SNR * VAPN * COOT DEC FPSY SPS,"1150 South Avenue, Staten Island, NY 10314","South Avenue & Lois Lane, South Avenue, Bloomfield, Staten Island, Richmond County, City of New York, New York, 10314, United States",40.6119901,-74.1759934,360850291021045,36,085,029102,1045
